from,to,gt_weight
AR,RGPD2,1
BCL11A,RGPD2,1
BCL11A,HESX1,1
CTNNB1,RGPD2,1
CTNNB1,CER1,1
CTNNB1,MCC,1
CTNNB1,AK4,1
CTNNB1,TLE3,1
CTNNB1,DKK1,1
CTNNB1,CXXC1,1
CTNNB1,SFRP2,1
CTNNB1,PRICKLE1,1
CTNNB1,DCLK1,1
CTNNB1,ETV4,1
CTNNB1,OTX2,1
CTNNB1,DKK4,1
CTNNB1,NEDD9,1
CTNNB1,TNC,1
CTNNB1,DUSP4,1
CTNNB1,WLS,1
CTNNB1,CYP1B1,1
CTNNB1,HESX1,1
CTNNB1,UNC5D,1
CTNNB1,ASXL1,1
CTNNB1,ETV1,1
CTNNB1,ZNF202,1
CTNNB1,NUP54,1
CTNNB1,USP44,1
CTNNB1,RXRG,1
CTNNB1,ENC1,1
CTNNB1,PHLDB2,1
CTNNB1,RGS5,1
CTNNB1,ETV3,1
CTNNB1,SMAD2,1
CTNNB1,KLHL4,1
CTNNB1,PRDM14,1
CTNNB1,CRABP2,1
CTNNB1,VPS13C,1
CTNNB1,WWTR1,1
CTNNB1,BTBD10,1
CTNNB1,COL4A1,1
CTNNB1,PAM,1
CTNNB1,NCAM1,1
CTNNB1,RBPJ,1
CTNNB1,LPIN1,1
CTNNB1,LIN28A,1
CTNNB1,TNFRSF11B,1
CTNNB1,GPR83,1
CTNNB1,CD200,1
CTNNB1,CYP26A1,1
CTNNB1,BAMBI,1
CTNNB1,RHOBTB3,1
CTNNB1,PMAIP1,1
CTNNB1,PBX1,1
CTNNB1,PALLD,1
CTNNB1,PRDM1,1
CTNNB1,PLAGL1,1
CTNNB1,CENPK,1
CTNNB1,PITX2,1
CTNNB1,FBXO28,1
CTNNB1,FOXN3,1
CTNNB1,SAMD3,1
CTNNB1,HOMER1,1
CTNNB1,EPCAM,1
CTNNB1,TCF4,1
CTNNB1,MATN3,1
CTNNB1,FOXP1,1
CTNNB1,DCAF6,1
CTNNB1,SH3BGRL2,1
CTNNB1,ZNF142,1
CTNNB1,ANXA3,1
CTNNB1,SEMA3E,1
CTNNB1,POU2F1,1
CTNNB1,MRPL1,1
CTNNB1,TTC27,1
CTNNB1,E2F7,1
CTNNB1,NCAPG,1
CTNNB1,HMGA1,1
CTNNB1,PHB2,1
CTNNB1,SKA3,1
CTNNB1,ABCA1,1
CTNNB1,SNAI2,1
CTNNB1,GATA4,1
CTNNB1,ASNS,1
CTNNB1,SNRPB,1
CTNNB1,MIA3,1
DNMT3B,CBX3,1
DNMT3B,MAFG,1
DNMT3B,OXTR,1
EGR1,U2AF1,1
EGR1,WDHD1,1
EGR1,NOL11,1
EGR1,SIRT1,1
EGR1,PDCD11,1
EGR1,KAT7,1
EGR1,TMEM131,1
EGR1,ARID4B,1
EGR1,KDELR3,1
EGR1,POLR1C,1
EGR1,ZNF764,1
EGR1,AFF4,1
EGR1,DNAJC2,1
EGR1,PTGR1,1
EGR1,DCAF6,1
EGR1,CREB3L2,1
EGR1,EEF1A1,1
EGR1,KIF15,1
EGR1,HNRNPD,1
EGR1,CRABP2,1
EGR1,ESPL1,1
EGR1,SFPQ,1
EGR1,CTNNB1,1
EGR1,ANKMY2,1
EGR1,SLC39A8,1
EGR1,RNF19A,1
EGR1,SNAI1,1
EGR1,HMGN2,1
EGR1,SNX18,1
EGR1,ASXL1,1
EGR1,PGM2,1
EGR1,NUP54,1
EGR1,PRIM1,1
EGR1,CASD1,1
EGR1,SENP7,1
EGR1,HNRNPAB,1
EGR1,MEX3C,1
EGR1,SALL2,1
EGR1,SMARCD3,1
EGR1,POLR3G,1
EGR1,TRIM33,1
EGR1,TGFB1,1
EGR1,SKIL,1
EGR1,YBX1,1
EGR1,PNPLA8,1
EGR1,ANKZF1,1
EGR1,ANKRD26,1
EGR1,PLAGL1,1
EGR1,CXXC1,1
EGR1,CNBP,1
EGR1,NUCB2,1
EGR1,APEX1,1
EGR1,TDRD7,1
EGR1,KLF8,1
EGR1,NEDD4,1
EGR1,MED14,1
EGR1,ETV4,1
EGR1,EGR1,1
EGR1,VPS13C,1
EGR1,CBX3,1
EGR1,NUP35,1
EGR1,DNAAF2,1
EGR1,TEX10,1
EGR1,ECI2,1
EGR1,PLAGL2,1
EGR1,B4GALT4,1
EGR1,CCDC82,1
EGR1,FOXJ1,1
EGR1,REL,1
EGR1,PSIP1,1
EGR1,TCF19,1
EGR1,ZNF160,1
EGR1,ATG4C,1
EGR1,ARHGAP42,1
EGR1,RHOBTB3,1
EGR1,ARFGAP3,1
EGR1,HOMER1,1
EGR1,MIA3,1
EGR1,JMJD1C,1
EGR1,RGPD2,1
EGR1,RBPJ,1
EGR1,XRCC6,1
EGR1,NONO,1
EGR1,NDUFC2-KCTD14,1
EGR1,TRAPPC8,1
EGR1,CUX1,1
EGR1,ZFYVE16,1
EGR1,TCF4,1
EGR1,RMI1,1
EGR1,HNRNPK,1
EGR1,WDR35,1
EGR1,FARSB,1
EGR1,MCM7,1
EGR1,ETV3,1
EGR1,ZNF24,1
EGR1,HIF1A,1
EGR1,KHSRP,1
EGR1,ZNF8,1
EGR1,PRICKLE1,1
EGR1,ANXA3,1
EGR1,PARP1,1
EGR1,TFE3,1
EGR1,ZNF280B,1
EGR1,RFESD,1
EGR1,KIAA1324L,1
EGR1,SLC36A4,1
EGR1,TJP2,1
EGR1,MIF,1
EGR1,ATP2B4,1
EGR1,POU2F1,1
EGR1,RAI14,1
EGR1,MDM4,1
EGR1,REV3L,1
EGR1,MAN1A1,1
EGR1,YAF2,1
EGR1,ZNF142,1
EGR1,RUVBL1,1
EGR1,MEF2D,1
EGR1,TIPARP,1
EGR1,PRKACB,1
EGR1,RUVBL2,1
EGR1,PHB2,1
EGR1,KLF5,1
EGR1,HCFC1,1
EGR1,GLDC,1
EGR1,SLC39A11,1
EGR1,ZKSCAN1,1
EGR1,ALG6,1
EGR1,PRTG,1
EGR1,RBFOX2,1
EGR1,ANKRD50,1
EGR1,ELOVL2,1
EGR1,GATAD2A,1
EGR1,ADAMTS3,1
EGR1,MYOF,1
EGR1,TP53,1
EGR1,SEMA6A,1
EGR1,ZNF398,1
EGR1,WWTR1,1
EGR1,ST8SIA4,1
EGR1,MCM4,1
EGR1,ZNF202,1
EGR1,PPARGC1B,1
EGR1,GRHL2,1
EGR1,GTF2H2,1
EGR1,HDGF,1
EGR1,PDGFA,1
EGR1,ODC1,1
EGR1,CDC7,1
EGR1,CA2,1
EGR1,STAT3,1
EGR1,FBXO28,1
EGR1,LIFR,1
EGR1,PDE3B,1
EGR1,ZNF165,1
EGR1,CITED2,1
EGR1,JUND,1
EGR1,ABLIM1,1
EGR1,ZRANB2,1
EGR1,ARNT2,1
EGR1,ELL2,1
EGR1,DDX54,1
EGR1,ZNF219,1
EGR1,TRIP11,1
EGR1,XRCC5,1
EGR1,ENC1,1
EGR1,PER3,1
EGR1,MXI1,1
EGR1,LEF1,1
EGR1,IRF1,1
EGR1,ARID3B,1
EGR1,SMAD5,1
EGR1,LHX1,1
EGR1,PITX2,1
EGR1,UTP18,1
EGR1,AGL,1
EGR1,E2F4,1
EGR1,MAML3,1
EGR1,TADA1,1
EGR1,MECOM,1
EGR1,ARID3A,1
EGR1,SPPL2A,1
EGR1,WDFY1,1
EGR1,SNRPB,1
EGR1,TFB2M,1
EGR1,PELI2,1
EGR1,ZNF518B,1
EGR1,PLXNA2,1
EGR1,DNMT3A,1
EGR1,RFXANK,1
EGR1,RPP40,1
EGR1,FER,1
EGR1,PPP1R9A,1
EGR1,PHF21A,1
EGR1,DNMT1,1
EGR1,PLK2,1
EGR1,NR2C1,1
EGR1,ARHGAP29,1
EGR1,TRAF6,1
EGR1,TBX3,1
EGR1,ETS1,1
EGR1,SNRPD1,1
EGR1,FBXO34,1
EGR1,NFIC,1
EGR1,NCOA6,1
EGR1,LPGAT1,1
EGR1,SMARCD1,1
EGR1,NOC3L,1
EGR1,E2F7,1
EGR1,TFAP2A,1
EGR1,ST3GAL6,1
EGR1,SOX2,1
EGR1,SLC35A3,1
EGR1,GATA6,1
EGR1,MCM2,1
EGR1,RRN3,1
EGR1,BAMBI,1
EGR1,PALLD,1
EGR1,XRN1,1
EGR1,CDCA7L,1
EGR1,MMP16,1
EGR1,FOXN3,1
EGR1,SATB1,1
EGR1,MYBBP1A,1
EGR1,RTKN2,1
EGR1,PHLDB2,1
EGR1,WDR3,1
EGR1,MSX1,1
EGR1,EOMES,1
EGR1,NCAM1,1
EGR1,WWP1,1
EGR1,COBLL1,1
EGR1,BMP4,1
EGR1,CALB1,1
EGR1,PDGFRA,1
EGR1,DUSP4,1
EGR1,AR,1
EGR1,PLAU,1
EGR1,CLDN10,1
EGR1,MITF,1
EGR1,IFI16,1
EGR1,AEBP1,1
EGR1,PAM,1
EGR1,MEIS2,1
EGR1,TEAD4,1
EGR1,WLS,1
EGR1,GABRB3,1
EGR1,ZFHX3,1
EGR1,FOXK1,1
EGR1,APBB2,1
EGR1,FOXF1,1
EGR1,ALCAM,1
EGR1,HIST1H1B,1
EGR1,DCLK1,1
EGR1,CCDC80,1
EGR1,COL5A1,1
EGR1,ZNF521,1
EGR1,LDB2,1
EGR1,FLI1,1
EGR1,ZFP42,1
EGR1,SPIB,1
EGR1,RORB,1
EGR1,TRERF1,1
EOMES,CER1,1
EOMES,HESX1,1
EOMES,DCLK1,1
EOMES,SAMD3,1
EOMES,KLHL4,1
EOMES,HNRNPD,1
EOMES,KIAA1324L,1
EOMES,RIPPLY1,1
EOMES,OTX2,1
EOMES,NCAM1,1
EOMES,SMARCD3,1
EOMES,MATN3,1
EOMES,TNC,1
EOMES,ANGPT2,1
EOMES,VWA5A,1
EOMES,LIN28A,1
EOMES,CBX3,1
EOMES,DNAJC2,1
EOMES,TLE2,1
EOMES,ZNF202,1
EOMES,CA14,1
EOMES,BTF3,1
EOMES,CLGN,1
EOMES,RND3,1
EOMES,MAMLD1,1
EOMES,TTC39B,1
EOMES,SIPA1L2,1
EOMES,GATA4,1
EOMES,CREB3L4,1
EOMES,SEMA3E,1
EOMES,ALPK2,1
EOMES,MECOM,1
EOMES,PIP4K2A,1
EOMES,POU2F1,1
EOMES,PLAGL1,1
EOMES,UNC5D,1
EOMES,BCAR3,1
EOMES,C4orf46,1
EOMES,NUP54,1
EOMES,NANOG,1
EOMES,ETV4,1
EOMES,DAAM1,1
EOMES,GLRX,1
EOMES,GYPB,1
EOMES,DDX54,1
EOMES,FAM117B,1
EOMES,PLOD2,1
EOMES,JMJD1C,1
EOMES,FOXH1,1
EOMES,ETV7,1
EOMES,AFF1,1
EOMES,PRICKLE1,1
EOMES,KLHL6,1
EOMES,TNFRSF11B,1
EOMES,RAI1,1
EOMES,DYNC1I1,1
EOMES,DKK4,1
EOMES,CEP85L,1
EOMES,PLAU,1
EOMES,ATG4C,1
EOMES,WDR3,1
EOMES,UPF2,1
EOMES,ZNF521,1
EOMES,SLC39A8,1
EOMES,ETV3,1
EOMES,FXR1,1
EOMES,IFI16,1
EOMES,ETV1,1
EOMES,CDC7,1
EOMES,SLITRK2,1
EOMES,TTK,1
EOMES,HOPX,1
EOMES,GSC,1
EOMES,PRIM1,1
EOMES,PAM,1
EOMES,ARHGAP28,1
EOMES,CPE,1
EOMES,ATP2B4,1
EOMES,RAD51,1
EOMES,RGS5,1
EOMES,ENC1,1
EOMES,MFAP4,1
EOMES,SNAPC3,1
EOMES,MITF,1
EOMES,TFAP4,1
EOMES,SMG6,1
EOMES,COL4A6,1
EOMES,EEF1A1,1
EOMES,ESCO2,1
EOMES,TEAD4,1
EOMES,NCOA6,1
EOMES,TP53,1
EOMES,WDHD1,1
EOMES,DKK1,1
EOMES,MDM4,1
EOMES,SEMA6A,1
EOMES,BAMBI,1
EOMES,ZNF589,1
EOMES,TMEM64,1
EOMES,TLE1,1
EOMES,RNF138,1
EOMES,GYPE,1
EOMES,NAA15,1
EOMES,SALL2,1
EOMES,CALB1,1
EOMES,KDELR3,1
EOMES,GATA6,1
EOMES,ARID5B,1
EOMES,NRIP1,1
EOMES,NDUFC2-KCTD14,1
EOMES,NFKBIA,1
EOMES,CALCOCO1,1
EOMES,CRABP2,1
EOMES,PREPL,1
EOMES,MXI1,1
EOMES,CD9,1
EOMES,ECI2,1
EOMES,ISL1,1
EOMES,AK4,1
EOMES,RXRG,1
EOMES,PPM1H,1
EOMES,NOL11,1
EOMES,MIA3,1
EOMES,ZNF83,1
EOMES,NUAK1,1
EOMES,RAD51AP1,1
EOMES,TMEM38B,1
EOMES,ARL4D,1
EOMES,SRSF2,1
EOMES,PGM2,1
EOMES,SLC39A11,1
EOMES,LGALSL,1
EOMES,RBPJ,1
EOMES,CAMK2D,1
EOMES,POLR2A,1
EOMES,HIF1A,1
EOMES,FLRT2,1
EOMES,CA2,1
EOMES,SRSF1,1
EOMES,ST8SIA1,1
EOMES,SKA3,1
EOMES,OAS1,1
EOMES,SIRT1,1
EOMES,TLE3,1
EOMES,STIM2,1
EOMES,INSIG2,1
EOMES,TP53INP1,1
EOMES,ADAMTS3,1
EOMES,SFPQ,1
EOMES,NOC3L,1
EOMES,HDAC9,1
EOMES,ANKRD13C,1
EOMES,DNMT1,1
EOMES,WLS,1
EOMES,RMI1,1
EOMES,HNRNPK,1
EOMES,RGPD2,1
EOMES,POLR3G,1
EOMES,KAT7,1
EOMES,PMP22,1
EOMES,PALLD,1
EOMES,DUSP4,1
EOMES,RAI14,1
EOMES,KLF8,1
EOMES,PPT2,1
EOMES,MRPL1,1
EOMES,ILF3,1
EOMES,GPSM2,1
EOMES,YPEL5,1
EOMES,BRWD1,1
EOMES,DNMT3A,1
EOMES,TCF7L1,1
EOMES,SERTAD2,1
EOMES,ASH2L,1
EOMES,UTP18,1
EOMES,CTNNB1,1
EOMES,CCKBR,1
EOMES,CNKSR3,1
EOMES,ZRANB2,1
EOMES,BTBD10,1
EOMES,TRDN,1
EOMES,KDM6A,1
EOMES,TMEM131,1
EOMES,MRPS35,1
EOMES,CEP55,1
EOMES,MAGI3,1
EOMES,FOXP1,1
EOMES,ELAVL2,1
EOMES,ANKRD50,1
EOMES,PHLDB2,1
EOMES,MYBBP1A,1
EOMES,FN1,1
EOMES,SMAD5,1
EOMES,SEMA3A,1
EOMES,DDAH1,1
EOMES,DCAF6,1
EOMES,TSPAN12,1
EOMES,PHLDA1,1
EOMES,FREM1,1
EOMES,PCDH7,1
EOMES,PDE3B,1
EOMES,CDCA2,1
EOMES,TIPIN,1
EOMES,CUX1,1
EOMES,ZEB1,1
EOMES,EOMES,1
EOMES,CRX,1
EOMES,ANKRD1,1
EOMES,NEDD4,1
EOMES,UBTF,1
EOMES,RBFOX2,1
EOMES,HAS2,1
EOMES,TIPARP,1
EOMES,KLF7,1
EOMES,C3orf14,1
EOMES,ZNF219,1
EOMES,STAT3,1
EOMES,CITED2,1
EOMES,KLHL28,1
EOMES,KIF21A,1
EOMES,ASXL1,1
EOMES,CCDC138,1
EOMES,SEMA6D,1
EOMES,CCDC141,1
EOMES,SLC6A15,1
EOMES,KAT6A,1
EOMES,FAM135A,1
EOMES,MAML3,1
EOMES,MAFF,1
EOMES,SNRPB,1
EOMES,CSDE1,1
EOMES,TRIP11,1
EOMES,TJP2,1
EOMES,FBN1,1
EOMES,AFF4,1
EOMES,SPIB,1
EOMES,NPM1,1
EOMES,EMB,1
EOMES,ARFGAP3,1
EOMES,FOXN3,1
EOMES,POLR2G,1
EOMES,HELZ,1
EOMES,ATF6,1
EOMES,VIM,1
EOMES,PTMA,1
EOMES,FUBP1,1
EOMES,PA2G4,1
EOMES,NFAT5,1
EOMES,ARID3A,1
EOMES,PRKACB,1
EOMES,MED16,1
EOMES,REV3L,1
EOMES,PHF21A,1
EOMES,BUB1B,1
EOMES,ARHGAP42,1
EOMES,SNAI2,1
EOMES,HSD17B11,1
EOMES,SCD5,1
EOMES,TCF19,1
EOMES,MEIS2,1
EOMES,CREB3L2,1
EOMES,CAP2,1
EOMES,NFKBIB,1
EOMES,SLC35F1,1
EOMES,PRSS35,1
EOMES,HOMER1,1
EOMES,ESRP1,1
EOMES,REL,1
EOMES,CCPG1,1
EOMES,VHL,1
EOMES,FARSB,1
EOMES,EXO1,1
EOMES,ANKRD28,1
EOMES,KIF15,1
EOMES,ARID3B,1
EOMES,JUND,1
EOMES,NAP1L3,1
EOMES,MED14,1
EOMES,HMGA1,1
EOMES,ZFHX3,1
EOMES,BCL11A,1
EOMES,TEX10,1
EOMES,MCM7,1
EOMES,MCM4,1
EOMES,CXXC1,1
EOMES,EWSR1,1
EOMES,TDP2,1
EOMES,NTS,1
EOMES,KLF5,1
EOMES,EPCAM,1
EOMES,PBX1,1
EOMES,SNX14,1
EOMES,RFC3,1
EOMES,GYPA,1
EOMES,BCLAF1,1
EOMES,AGL,1
EOMES,HMGN2,1
EOMES,MAFG,1
EOMES,DEPDC1B,1
EOMES,TGFBR3,1
EOMES,HCFC1,1
EZH2,RGPD2,1
EZH2,POU3F1,1
EZH2,RSPO3,1
EZH2,ELOVL2,1
EZH2,PLAGL1,1
EZH2,PGR,1
EZH2,LGR5,1
EZH2,ZFPM2,1
EZH2,HOPX,1
EZH2,SEMA6D,1
EZH2,CRHBP,1
EZH2,NFIA,1
EZH2,ST8SIA1,1
EZH2,ERBB4,1
EZH2,LIMCH1,1
EZH2,CPVL,1
EZH2,SOX17,1
EZH2,SATB2,1
EZH2,PLXNA2,1
EZH2,GPR83,1
EZH2,CYP26A1,1
EZH2,ROR2,1
EZH2,PRTG,1
EZH2,TMOD1,1
EZH2,CCKBR,1
EZH2,ETV7,1
EZH2,DUSP4,1
EZH2,EPB41L3,1
EZH2,HTRA1,1
EZH2,FAM89A,1
EZH2,BMPER,1
EZH2,CYP1B1,1
EZH2,GATA4,1
EZH2,COLEC12,1
EZH2,LMO2,1
EZH2,GATM,1
EZH2,PDGFRA,1
EZH2,TWIST1,1
EZH2,MAMLD1,1
EZH2,SIX6,1
EZH2,LZTS1,1
EZH2,SCD5,1
EZH2,PDE3B,1
EZH2,HDAC9,1
EZH2,LEF1,1
EZH2,NFIC,1
EZH2,HOXB3,1
EZH2,NKX3-1,1
EZH2,SMAD6,1
EZH2,MECOM,1
EZH2,ARHGAP29,1
EZH2,TGFBR3,1
EZH2,PMP22,1
EZH2,GSC,1
EZH2,ESRRG,1
EZH2,RORB,1
EZH2,PENK,1
EZH2,OXTR,1
EZH2,RAI1,1
EZH2,YAF2,1
EZH2,SLCO2A1,1
EZH2,NFATC1,1
EZH2,SOX7,1
EZH2,CHL1,1
EZH2,UNC5C,1
EZH2,FBN1,1
EZH2,PPARA,1
EZH2,DDAH1,1
EZH2,NR0B1,1
EZH2,ZEB1,1
EZH2,FLI1,1
EZH2,GABRB2,1
EZH2,GATA2,1
EZH2,HAND2,1
EZH2,TRIM2,1
EZH2,MEIS1,1
EZH2,SLC39A8,1
EZH2,MLLT3,1
EZH2,BMP4,1
EZH2,CPE,1
EZH2,E2F4,1
EZH2,LMX1B,1
EZH2,MCC,1
EZH2,ST3GAL6,1
EZH2,DACH1,1
EZH2,CLDN11,1
EZH2,RFPL2,1
EZH2,BTG2,1
EZH2,TDRD7,1
EZH2,HAND1,1
EZH2,DCLK1,1
EZH2,MXI1,1
EZH2,B3GNT5,1
EZH2,SERPINE2,1
EZH2,RAB31,1
EZH2,MEIS2,1
EZH2,GAD1,1
EZH2,BMP2,1
EZH2,DYNC1I1,1
EZH2,SLITRK2,1
EZH2,HOXB7,1
EZH2,TGFB1,1
EZH2,FLRT2,1
EZH2,TBX20,1
EZH2,DLC1,1
EZH2,CDH11,1
EZH2,ELAVL2,1
EZH2,GLIPR2,1
EZH2,BHLHE40,1
EZH2,EOMES,1
EZH2,OTX2,1
EZH2,GRHL1,1
EZH2,MITF,1
EZH2,PGM2,1
EZH2,LMO3,1
EZH2,ELK3,1
FOXH1,SNX18,1
FOXH1,CER1,1
FOXH1,MECOM,1
FOXH1,MANEA,1
FOXH1,AFF1,1
FOXH1,TTC39B,1
FOXH1,ARHGAP28,1
FOXH1,MXI1,1
FOXH1,PSIP1,1
FOXH1,SEMA3E,1
FOXH1,CBX3,1
FOXH1,LGR4,1
FOXH1,ANGPT2,1
FOXH1,DEK,1
FOXH1,MCM4,1
FOXH1,KIAA1324L,1
FOXH1,PRDM1,1
FOXH1,PIP4K2A,1
FOXH1,ZNF202,1
FOXH1,HIF3A,1
FOXH1,OXTR,1
FOXH1,ACTC1,1
FOXH1,NANOG,1
FOXH1,KLHL4,1
FOXH1,RFPL2,1
FOXH1,EPHA4,1
FOXH1,AK4,1
FOXH1,ELAVL2,1
FOXH1,NEDD4,1
FOXH1,CA14,1
FOXH1,MATN3,1
FOXH1,STAT2,1
FOXH1,PAM,1
FOXH1,SLITRK2,1
FOXH1,TP53INP1,1
FOXH1,TLE2,1
FOXH1,CYP26A1,1
FOXH1,ROR2,1
FOXH1,GSC,1
FOXH1,KLF7,1
FOXH1,DDX54,1
FOXH1,ARID3B,1
FOXH1,ABLIM1,1
FOXH1,ATP11B,1
FOXH1,ARID5B,1
FOXH1,BAMBI,1
FOXH1,FOXJ1,1
FOXH1,RIPPLY1,1
FOXH1,TLE3,1
FOXH1,NRP2,1
FOXH1,SKIL,1
FOXH1,ANKRD1,1
FOXH1,RGPD2,1
FOXH1,RAI1,1
FOXH1,CALB1,1
FOXH1,ESRRG,1
FOXH1,DNAJC2,1
FOXH1,SLC35F1,1
FOXH1,NUSAP1,1
FOXH1,SRC,1
FOXH1,CCNE2,1
FOXH1,WDHD1,1
FOXH1,MEIS1,1
FOXH1,LIMCH1,1
FOXH1,OTX2,1
FOXH1,SMARCD3,1
FOXH1,HNRNPD,1
FOXH1,ETV1,1
FOXH1,ALPK2,1
FOXH1,RGS5,1
FOXH1,TNC,1
FOXH1,WDFY1,1
FOXH1,C4orf46,1
FOXH1,NFIA,1
FOXH1,CNKSR3,1
FOXH1,BTF3,1
FOXH1,BCAR3,1
FOXH1,KLF8,1
FOXH1,FREM1,1
FOXH1,SEMA6D,1
FOXH1,RNF13,1
FOXH1,MAML3,1
FOXH1,SLC46A3,1
FOXH1,EWSR1,1
FOXH1,RXRG,1
FOXH1,APC,1
FOXH1,KLHL6,1
FOXH1,JMJD1C,1
FOXH1,FAM117B,1
FOXH1,TLR4,1
FOXH1,ID1,1
FOXH1,CCNA2,1
FOXH1,LGR5,1
FOXH1,ANKRD28,1
FOXH1,LIPG,1
FOXH1,ITM2A,1
FOXH1,POLR2G,1
FOXH1,MAGI3,1
FOXH1,SNX14,1
FOXH1,ZNF219,1
FOXH1,RBFOX2,1
FOXH1,CLDN10,1
FOXH1,CDK6,1
FOXH1,PRICKLE1,1
FOXH1,TJP2,1
FOXH1,XRCC6,1
FOXP1,FOXP1,1
FOXP1,RGPD2,1
FOXP1,TCF4,1
FOXP1,CITED2,1
FOXP1,EXO1,1
FOXP1,POU2F1,1
FOXP1,ANKRD28,1
FOXP1,SUPT16H,1
FOXP1,MCM7,1
FOXP1,PSIP1,1
FOXP1,KLHL12,1
FOXP1,GTF2H2,1
FOXP1,MECOM,1
FOXP1,MAML3,1
FOXP1,ZNF521,1
FOXP1,STIM2,1
FOXP1,NFIA,1
FOXP1,MCM3,1
FOXP1,FUBP1,1
FOXP1,SLC36A4,1
FOXP1,SETBP1,1
FOXP1,ARID5B,1
FOXP1,ZNF585B,1
FOXP1,DAAM1,1
FOXP1,TIPARP,1
FOXP1,CXXC1,1
FOXP1,PA2G4,1
FOXP1,MRPL1,1
FOXP1,CSDE1,1
FOXP1,HNRNPD,1
FOXP1,CREB3L4,1
FOXP1,CASD1,1
FOXP1,ELOVL2,1
FOXP1,TDP2,1
FOXP1,RIN2,1
FOXP1,ARL4A,1
FOXP1,CNBP,1
FOXP1,TRAF6,1
FOXP1,DTL,1
FOXP1,TRAPPC8,1
FOXP1,BCAR3,1
FOXP1,CCPG1,1
FOXP1,FXR1,1
FOXP1,STAT2,1
FOXP1,RNF19A,1
FOXP1,TADA1,1
FOXP1,SNRPB,1
FOXP1,NOC3L,1
FOXP1,DNMT3A,1
FOXP1,TDRD7,1
FOXP1,SNRPD1,1
FOXP1,ZNF398,1
FOXP1,XRN1,1
FOXP1,NOL11,1
FOXP1,MDM4,1
FOXP1,ASNS,1
FOXP1,SNX18,1
FOXP1,UTP15,1
FOXP1,AFF1,1
FOXP1,ASXL1,1
FOXP1,CCNA2,1
FOXP1,NUP54,1
FOXP1,ANKZF1,1
FOXP1,TFB2M,1
FOXP1,TBX3,1
FOXP1,KLHL28,1
FOXP1,OTUD6B,1
FOXP1,AMN1,1
FOXP1,RBFOX2,1
FOXP1,PLAGL1,1
FOXP1,MAFF,1
FOXP1,KAT6A,1
FOXP1,SNAPC3,1
FOXP1,NFAT5,1
FOXP1,DEPDC1B,1
FOXP1,TP53,1
FOXP1,BUB1B,1
FOXP1,APC,1
FOXP1,SKIL,1
FOXP1,YPEL5,1
FOXP1,DEK,1
FOXP1,CTNNB1,1
FOXP1,ANKRD6,1
FOXP1,NPM1,1
FOXP1,SSB,1
FOXP1,POLR2A,1
FOXP1,CEP290,1
FOXP1,WDR35,1
FOXP1,OXTR,1
FOXP1,POLR2K,1
FOXP1,C4orf46,1
FOXP1,AFF4,1
FOXP1,VPS13C,1
FOXP1,PDCD11,1
FOXP1,PHB2,1
FOXP1,RBM14,1
FOXP1,PNPLA8,1
FOXP1,ALG6,1
FOXP1,FOXN3,1
FOXP1,CALCOCO1,1
FOXP1,ENC1,1
FOXP1,WWP1,1
FOXP1,KIF15,1
FOXP1,DAXX,1
FOXP1,ZNF219,1
FOXP1,RNF138,1
FOXP1,PATZ1,1
FOXP1,PMP22,1
FOXP1,ZFYVE16,1
FOXP1,TFAP4,1
FOXP1,SIRT1,1
FOXP1,CCDC82,1
FOXP1,MCM4,1
FOXP1,STAT3,1
FOXP1,KLHL4,1
FOXP1,GCA,1
FOXP1,PREPL,1
FOXP1,KIAA1324L,1
FOXP1,ITPR2,1
FOXP1,RNF14,1
FOXP1,BTF3,1
FOXP1,PARP1,1
FOXP1,RTKN2,1
FOXP1,NDUFC2-KCTD14,1
FOXP1,HMGN2,1
FOXP1,SMARCD1,1
FOXP1,DKK1,1
FOXP1,BCLAF1,1
FOXP1,SMAD5,1
FOXP1,SEMA6A,1
FOXP1,MMP16,1
FOXP1,TSPAN12,1
FOXP1,PTMA,1
FOXP1,RAI1,1
FOXP1,PPM1H,1
FOXP1,GATAD2A,1
FOXP1,LPGAT1,1
FOXP1,MIA3,1
FOXP1,PRICKLE1,1
FOXP1,E2F4,1
FOXP1,CNKSR3,1
FOXP1,FBXO34,1
FOXP1,PLAGL2,1
FOXP1,TCOF1,1
FOXP1,ZNF165,1
FOXP1,ROR2,1
FOXP1,DNAAF2,1
FOXP1,ACOX3,1
FOXP1,TTC39B,1
FOXP1,ALCAM,1
FOXP1,STK38L,1
FOXP1,U2AF1,1
FOXP1,GLMN,1
FOXP1,NR2C1,1
FOXP1,ZNF30,1
FOXP1,TBC1D4,1
FOXP1,SRSF2,1
FOXP1,TEAD1,1
FOXP1,CEP55,1
FOXP1,UPF1,1
FOXP1,MAP4K3,1
FOXP1,HDGF,1
FOXP1,TEX10,1
FOXP1,ST8SIA1,1
FOXP1,POU2F2,1
FOXP1,INSIG2,1
FOXP1,KIF21A,1
FOXP1,KLF5,1
FOXP1,ZNF764,1
FOXP1,IL6ST,1
FOXP1,ESCO2,1
FOXP1,TCF7L1,1
FOXP1,DCAF6,1
FOXP1,NFKBIB,1
FOXP1,JUND,1
FOXP1,ARFGAP3,1
FOXP1,RNPS1,1
FOXP1,PRKACB,1
FOXP1,CAMK2D,1
FOXP1,E2F7,1
FOXP1,CCDC138,1
FOXP1,BRWD1,1
FOXP1,TEAD4,1
FOXP1,SORL1,1
FOXP1,RALB,1
FOXP1,TRIM27,1
FOXP1,KAT7,1
FOXP1,TP53INP1,1
FOXP1,KLHL24,1
FOXP1,JMJD1C,1
FOXP1,RPP40,1
FOXP1,BAMBI,1
FOXP1,WDHD1,1
FOXP1,HIF1A,1
FOXP1,NRP2,1
FOXP1,NCAPG,1
FOXP1,RUVBL2,1
FOXP1,CTBP1,1
FOXP1,CDC7,1
FOXP1,ETV1,1
FOXP1,PMAIP1,1
FOXP1,CALB1,1
FOXP1,UNC5D,1
FOXP1,EEF1A1,1
FOXP1,CLDN10,1
FOXP1,RBPJ,1
FOXP1,REL,1
FOXP1,DUSP4,1
FOXP1,ZNF83,1
FOXP1,MIF,1
FOXP1,NDC80,1
FOXP1,FOXK1,1
FOXP1,CLGN,1
FOXP1,TMF1,1
FOXP1,LDB2,1
FOXP1,PDGFRA,1
FOXP1,WDFY1,1
FOXP1,TTK,1
FOXP1,POLR2H,1
FOXP1,MXI1,1
FOXP1,MEIS1,1
FOXP1,TRIM33,1
FOXP1,ARHGAP28,1
FOXP1,ANKMY2,1
FOXP1,TMEM47,1
FOXP1,SALL2,1
FOXP1,ZNF160,1
FOXP1,PARN,1
FOXP1,DAB2,1
FOXP1,THAP9,1
FOXP1,RUVBL1,1
FOXP1,COL4A1,1
FOXP1,GABRB3,1
FOXP1,RAD51AP1,1
FOXP1,RFC3,1
FOXP1,SLC39A11,1
FOXP1,TTC27,1
FOXP1,PURA,1
FOXP1,VAMP7,1
FOXP1,MSX1,1
FOXP1,VHL,1
FOXP1,NEDD9,1
FOXP1,KLF7,1
FOXP1,RND3,1
FOXP1,BTBD10,1
FOXP1,IRF1,1
FOXP1,CPE,1
FOXP1,HESX1,1
FOXP1,ETS1,1
FOXP1,PLK2,1
FOXP1,FLRT3,1
FOXP1,CUL1,1
FOXP1,S1PR3,1
FOXP1,POLR2D,1
FOXP1,ARID3B,1
FOXP1,MITF,1
FOXP1,CDCA8,1
FOXP1,ZNF202,1
FOXP1,GAD1,1
FOXP1,TNC,1
FOXP1,PRSS35,1
FOXP1,DPYSL3,1
FOXP1,ZIC2,1
FOXP1,BARX2,1
FOXP1,ARID4B,1
FOXP1,ANKRD13C,1
FOXP1,APBB2,1
FOXP1,PRIM1,1
FOXP1,BNIP3,1
FOXP1,ZNF146,1
FOXP1,GLDC,1
FOXP1,ZNF488,1
FOXP1,ESRRG,1
FOXP1,ZNF589,1
FOXP1,SH3RF1,1
FOXP1,TMSB15B,1
FOXP1,RMI1,1
FOXP1,PDE3B,1
FOXP1,NUAK1,1
FOXP1,HNRNPK,1
FOXP1,GPSM2,1
FOXP1,PPARGC1B,1
FOXP1,MCM5,1
FOXP1,DNMT3B,1
FOXP1,COL5A1,1
FOXP1,BMPR1A,1
FOXP1,SKA3,1
FOXP1,PHC1,1
FOXP1,LTBP1,1
FOXP1,PTPRZ1,1
FOXP1,ID3,1
FOXP1,MED14,1
GATA2,TLE3,1
GATA2,GATA6,1
GATA2,MAPK10,1
GATA2,COLEC12,1
GATA2,ANKRD1,1
GATA2,ANXA3,1
GATA2,DLC1,1
GATA2,PPP1R9A,1
GATA2,BMP4,1
GATA3,RFESD,1
GATA3,MPHOSPH9,1
GATA3,MAPK10,1
GATA3,TBX3,1
GATA3,POU5F1,1
GATA3,TLE3,1
GATA3,RBBP4,1
GATA3,ATF6,1
GATA3,COLEC12,1
GATA3,MITF,1
GATA3,ANXA3,1
GATA3,CD9,1
GATA3,ELMOD2,1
GATA3,GATA6,1
GATA3,TEAD4,1
GATA3,MME,1
GATA3,BMP4,1
GATA3,BTBD10,1
GATA3,DLC1,1
GATA3,BTG2,1
GATA3,ZNF165,1
GATA3,DAB2,1
GATA3,ANKRD1,1
GATA3,POLR2G,1
GATA3,VWA5A,1
GATA3,MECOM,1
GATA3,NR3C1,1
GATA3,NHLH2,1
GATA3,BMPR1A,1
GATA3,TCF4,1
GATA3,BCAR3,1
GATA3,SYNE2,1
GATA3,PLAGL1,1
GATA3,SMAD5,1
GATA3,CAMK2D,1
GATA3,RNF19A,1
GATA3,ST8SIA1,1
GATA3,PPP1R9A,1
GATA3,HSD17B11,1
GATA3,TRIM22,1
GATA3,CREB3L2,1
GATA3,TLE2,1
GATA3,ST3GAL6,1
GATA3,JMJD1C,1
GATA3,SEMA3E,1
GATA3,PALLD,1
GATA3,ZNF587,1
GATA3,RALB,1
GATA3,HMGA1,1
GATA3,MYBL2,1
GATA3,RGS5,1
GATA3,ZNF202,1
GATA3,MCCC1,1
GATA3,BAMBI,1
GATA3,ZFHX3,1
GATA3,LMO2,1
GATA3,CCKBR,1
GATA3,CCDC141,1
GATA3,SERPINE2,1
GATA3,B4GALT4,1
GATA3,KLHL4,1
GATA3,DNMT3A,1
GATA3,EPHA4,1
GATA3,SIPA1L2,1
GATA3,CLDN10,1
GATA3,NTS,1
GATA4,CCDC141,1
GATA4,ANKRD1,1
GATA4,VWA5A,1
GATA4,C4orf46,1
GATA4,COLEC12,1
GATA4,RGS5,1
GATA4,MPHOSPH9,1
GATA4,SRSF1,1
GATA4,ILF3,1
GATA4,ALPK2,1
GATA4,TEAD4,1
GATA4,RAI14,1
GATA4,SMAD5,1
GATA4,GATA6,1
GATA4,SMARCD3,1
GATA4,DAB2,1
GATA4,BTBD10,1
GATA4,CEP85L,1
GATA4,GATA4,1
GATA4,KHSRP,1
GATA4,ANXA3,1
GATA4,HIF1A,1
GATA4,TNC,1
GATA4,MECOM,1
GATA4,ALCAM,1
GATA4,TCF4,1
GATA4,BTF3,1
GATA4,PAM,1
GATA4,ST8SIA1,1
GATA4,SLC39A8,1
GATA4,ANGPT2,1
GATA4,PLAGL1,1
GATA4,TTK,1
GATA4,AIP,1
GATA4,KIAA1324L,1
GATA4,NCOA6,1
GATA4,DMBX1,1
GATA4,NOC3L,1
GATA4,ODC1,1
GATA4,ZNF202,1
GATA4,CALB1,1
GATA4,ST3GAL6,1
GATA4,RIN2,1
GATA4,SAMD3,1
GATA4,HESX1,1
GATA4,PER3,1
GATA6,GATA6,1
GATA6,RGS5,1
GATA6,C4orf46,1
GATA6,TEAD4,1
GATA6,RGPD2,1
GATA6,CCDC141,1
GATA6,CEP85L,1
GATA6,ANKRD1,1
GATA6,VWA5A,1
GATA6,COLEC12,1
GATA6,PLAGL1,1
GATA6,BTBD10,1
GATA6,SLC39A8,1
GATA6,HIF1A,1
GATA6,TNC,1
GATA6,ST8SIA1,1
GATA6,SMARCD3,1
GATA6,FOXP1,1
GATA6,CALB1,1
GATA6,DMBX1,1
GATA6,NCOA6,1
GATA6,ZNF202,1
GATA6,ALPK2,1
HAND2,CBFA2T2,1
HAND2,ALPK2,1
HAND2,CDK6,1
HAND2,NR3C1,1
JUND,STAT3,1
JUND,ZNF165,1
JUND,TEAD1,1
JUND,TRIP6,1
JUND,VIM,1
JUND,MCM4,1
JUND,NFAT5,1
JUND,ZKSCAN1,1
JUND,KAT6A,1
JUND,RGPD2,1
JUND,CAP2,1
JUND,DNMT1,1
JUND,ANKRD1,1
JUND,CHEK2,1
JUND,NFYB,1
JUND,ZNF219,1
JUND,KLHL12,1
JUND,CAMK2D,1
JUND,MIA3,1
JUND,MAFF,1
JUND,SUPT7L,1
JUND,RAI14,1
JUND,POLR1A,1
JUND,EPCAM,1
JUND,NDC80,1
JUND,CENPK,1
JUND,RBPJ,1
JUND,ID1,1
JUND,NUP54,1
JUND,ACOX3,1
JUND,C4orf46,1
JUND,UTP18,1
JUND,PNPLA8,1
JUND,NOL11,1
JUND,RNPS1,1
JUND,TP53,1
JUND,ANKMY2,1
JUND,ZNF512,1
JUND,EWSR1,1
JUND,PSIP1,1
JUND,MRPL1,1
JUND,MRPS30,1
JUND,JMJD1C,1
JUND,MCC,1
JUND,ILF2,1
JUND,PPT2,1
JUND,JUND,1
JUND,KIF15,1
JUND,HCFC1,1
JUND,ABLIM1,1
JUND,FBXO34,1
JUND,VWA5A,1
JUND,RFC3,1
JUND,SRSF2,1
JUND,NDUFC2-KCTD14,1
JUND,DNAJC2,1
JUND,TRUB1,1
JUND,MRPS35,1
JUND,HOMER1,1
JUND,CREB3L2,1
JUND,RFXANK,1
JUND,ZNF764,1
JUND,AFF1,1
JUND,MBIP,1
JUND,POLR1B,1
JUND,NUAK1,1
JUND,POLR2A,1
JUND,TJP2,1
JUND,SNRPB,1
JUND,TFB2M,1
JUND,DDX54,1
JUND,RAD51AP1,1
JUND,C3orf14,1
JUND,FLRT3,1
JUND,CTNNB1,1
JUND,ANXA3,1
JUND,VAMP7,1
JUND,MEIS1,1
JUND,LGALSL,1
JUND,ENO1,1
JUND,PHB2,1
JUND,ARID3B,1
JUND,CDCA7L,1
JUND,ELL2,1
JUND,TFE3,1
JUND,SNRPD1,1
JUND,ASB9,1
JUND,GTF2H2,1
JUND,SF1,1
JUND,TDP2,1
JUND,MDM4,1
JUND,FBXO28,1
JUND,BAG3,1
JUND,DAAM1,1
JUND,MAML3,1
JUND,SLC36A4,1
JUND,SKIL,1
JUND,FER,1
JUND,YPEL5,1
JUND,CRABP2,1
JUND,ILF3,1
JUND,UTP15,1
JUND,SRSF1,1
JUND,DLC1,1
JUND,ANKRD13C,1
JUND,MAFG,1
JUND,TRIP11,1
JUND,PA2G4,1
JUND,TNC,1
JUND,ZNF589,1
JUND,HNRNPD,1
JUND,SLC35A3,1
JUND,RUVBL1,1
JUND,TMF1,1
JUND,CHAF1A,1
JUND,RUVBL2,1
JUND,ZBTB10,1
JUND,TCF4,1
JUND,HMGA1,1
JUND,TRAPPC8,1
JUND,TBX3,1
JUND,XRN1,1
JUND,ITGA5,1
JUND,RRN3,1
JUND,WDHD1,1
JUND,KAT7,1
JUND,MCM7,1
JUND,GATA3,1
JUND,EEF1A1,1
JUND,ZNF398,1
JUND,PAM,1
JUND,SAP18,1
JUND,TRAF6,1
JUND,PALLD,1
JUND,CITED2,1
JUND,WWP1,1
JUND,PREPL,1
JUND,NUP35,1
JUND,IFI16,1
JUND,CPE,1
JUND,ASXL1,1
JUND,APBB2,1
JUND,CSDE1,1
JUND,BTG2,1
JUND,STK38L,1
JUND,NAA15,1
JUND,GATM,1
JUND,PHLDB2,1
JUND,NOC3L,1
JUND,TRIM28,1
JUND,MCCC1,1
JUND,ZNF142,1
JUND,E2F4,1
JUND,ZRANB2,1
JUND,RBFOX2,1
JUND,DCLK1,1
JUND,DTL,1
JUND,REV3L,1
JUND,U2AF1,1
JUND,PDLIM3,1
JUND,CCNA2,1
JUND,AFF4,1
JUND,ETV4,1
JUND,ETV3,1
JUND,RTKN2,1
JUND,CXXC1,1
JUND,SRSF3,1
JUND,FARSB,1
JUND,ARID5B,1
JUND,ZNF24,1
JUND,GDAP1,1
JUND,SEMA6A,1
JUND,APEX1,1
JUND,KIF21A,1
JUND,CCDC138,1
JUND,RNF19A,1
JUND,CEP55,1
JUND,CCPG1,1
JUND,PLAGL2,1
JUND,SMAD5,1
JUND,FN1,1
JUND,STAT2,1
JUND,ALCAM,1
JUND,RBM14,1
JUND,ZNF83,1
JUND,POLB,1
JUND,FAM135A,1
JUND,MXI1,1
JUND,ARL4A,1
JUND,FXR1,1
JUND,TRIM2,1
JUND,FOXK1,1
JUND,RMI1,1
JUND,HNRNPK,1
JUND,BCAR3,1
JUND,SFPQ,1
JUND,NCAM1,1
JUND,CBX3,1
JUND,XRCC5,1
JUND,WDR12,1
JUND,SLC19A2,1
JUND,ZNF587,1
JUND,MEF2D,1
JUND,ASNS,1
JUND,CDCA2,1
JUND,HIF1A,1
JUND,GPC6,1
JUND,AMN1,1
JUND,SLC39A11,1
JUND,WDFY1,1
JUND,NFKBIA,1
JUND,SNX18,1
JUND,KLF7,1
JUND,BRWD1,1
JUND,TDRD7,1
JUND,HNRNPAB,1
JUND,ZNF521,1
JUND,ARID3A,1
JUND,ZNF202,1
JUND,DCAF6,1
JUND,SIRT1,1
JUND,STT3B,1
JUND,RNF14,1
JUND,NPM1,1
JUND,PARN,1
JUND,BCLAF1,1
JUND,TEX10,1
JUND,CNBP,1
JUND,WDR35,1
JUND,ELAVL2,1
JUND,PHF21A,1
JUND,SLC46A3,1
JUND,TFAP4,1
JUND,TIPIN,1
JUND,SSB,1
JUND,MED16,1
JUND,CUX1,1
JUND,SEMA3A,1
JUND,SOS2,1
JUND,MECOM,1
JUND,ACTC1,1
JUND,FOXP1,1
JUND,BLM,1
JUND,GCA,1
JUND,UNC5D,1
JUND,CCDC82,1
JUND,PPM1H,1
JUND,YBX1,1
JUND,KLHL4,1
JUND,MEIS2,1
JUND,ZNF8,1
JUND,LMX1B,1
JUND,HDGF,1
JUND,RFPL2,1
JUND,ESRRG,1
JUND,PAWR,1
JUND,TRIM25,1
JUND,FOXN3,1
JUND,MYBL2,1
JUND,ARL4D,1
JUND,SOX5,1
JUND,UPF1,1
JUND,DAB2,1
JUND,DNAJB14,1
JUND,DECR1,1
JUND,NUSAP1,1
JUND,TMEM131,1
JUND,CCND1,1
JUND,PRICKLE1,1
JUND,ELOVL2,1
JUND,SNAI1,1
JUND,FAM117B,1
JUND,HELZ,1
JUND,OXTR,1
JUND,RBMX,1
JUND,RNF138,1
JUND,DNMT3A,1
JUND,RPP40,1
JUND,ANKRD50,1
JUND,PLOD2,1
JUND,PITX2,1
JUND,ESPL1,1
JUND,ZNF160,1
JUND,MCM2,1
JUND,CPVL,1
JUND,SOX4,1
JUND,POU2F2,1
JUND,E2F3,1
JUND,FLI1,1
JUND,PRMT6,1
JUND,FOXD3,1
JUND,SOX13,1
JUND,SERTAD2,1
JUND,HIST1H1B,1
JUND,CDC7,1
JUND,SALL2,1
JUND,B4GALT4,1
JUND,CALB1,1
JUND,ITPR2,1
JUND,RARG,1
JUND,VHL,1
JUND,GPSM2,1
JUND,GLMN,1
JUND,HMGN2,1
JUND,MIF,1
JUND,PHLDA1,1
JUND,KIAA1324L,1
JUND,DNA2,1
JUND,GATAD2A,1
JUND,ADAMTS3,1
JUND,PTMA,1
JUND,NCOA6,1
JUND,PRKACB,1
JUND,TP53INP1,1
JUND,PMAIP1,1
JUND,SRC,1
JUND,TMSB15B,1
JUND,ESRP1,1
JUND,MSX1,1
JUND,PDGFRA,1
JUND,ARFGAP3,1
JUND,SATB1,1
JUND,SH3BGRL2,1
JUND,E2F7,1
JUND,H1F0,1
JUND,NTS,1
JUND,SORL1,1
JUND,GABRB3,1
JUND,CER1,1
JUND,RRAS2,1
JUND,SLC39A8,1
JUND,COL1A2,1
JUND,PRSS35,1
JUND,CDK6,1
JUND,ENC1,1
JUND,LDB2,1
JUND,NFIC,1
JUND,COBLL1,1
JUND,ARHGAP28,1
JUND,DNMT3B,1
JUND,CUL1,1
JUND,DPYSL3,1
JUND,MALT1,1
JUND,TIMP3,1
JUND,CCKBR,1
JUND,USP44,1
JUND,ANKRD6,1
JUND,JPH1,1
JUND,SHOX2,1
JUND,CSRP2,1
JUND,RGS5,1
JUND,HEG1,1
JUND,KDR,1
JUND,MYOCD,1
JUND,PTPRZ1,1
JUND,NANOG,1
JUND,SETBP1,1
JUND,SLITRK2,1
JUND,ROR2,1
KLF5,BTBD10,1
KLF5,SNAPC3,1
KLF5,ASXL1,1
KLF5,SKA3,1
KLF5,TIPIN,1
KLF5,CDC20,1
KLF5,STK17B,1
KLF5,NCAPG,1
KLF5,BCLAF1,1
KLF5,STK38L,1
KLF5,NOL11,1
KLF5,DCAF6,1
KLF5,FUBP1,1
KLF5,RMI1,1
KLF5,HNRNPK,1
KLF5,CSDE1,1
KLF5,FAM135A,1
KLF5,BUB1B,1
KLF5,PURA,1
KLF5,CHAF1A,1
KLF5,DDHD2,1
KLF5,SMARCC1,1
KLF5,SUPT16H,1
KLF5,SF1,1
KLF5,GCA,1
KLF5,POLR1C,1
KLF5,RBPJ,1
KLF5,MAFF,1
KLF5,SRSF10,1
KLF5,ASH2L,1
KLF5,NFATC3,1
KLF5,NPM1,1
KLF5,MCM4,1
KLF5,PFKFB2,1
KLF5,AGL,1
KLF5,ANKRD13C,1
KLF5,ZNF219,1
KLF5,SAP18,1
KLF5,REV3L,1
KLF5,RFC3,1
KLF5,NOC3L,1
KLF5,PLOD2,1
KLF5,PRTG,1
LEF1,ETV4,1
LEF1,TLE3,1
LEF1,PRICKLE1,1
LEF1,DKK4,1
LEF1,DCLK1,1
LEF1,SUPT7L,1
LEF1,CER1,1
LEF1,VPS13C,1
LEF1,TNC,1
LEF1,NEDD9,1
LEF1,POLR1B,1
LEF1,WWTR1,1
LEF1,RFESD,1
LEF1,ETV3,1
LEF1,UPF2,1
LEF1,CTNNB1,1
LEF1,DUSP4,1
LEF1,DKK1,1
LEF1,TFDP1,1
LEF1,MDM4,1
LEF1,ANKRD26,1
LEF1,ARHGAP28,1
LEF1,LRIG3,1
LEF1,RFXANK,1
LEF1,AK4,1
LEF1,RBM14,1
LEF1,OTX2,1
LEF1,MIA3,1
LEF1,ARFGAP3,1
LEF1,KLHL4,1
LEF1,DCAF6,1
MLLT3,RGPD2,1
MXI1,TTC27,1
MXI1,KIF23,1
MXI1,NUP35,1
MXI1,DPH2,1
MXI1,UTP15,1
MXI1,CDC20,1
MXI1,TFB2M,1
MXI1,SLC39A11,1
MXI1,MYBBP1A,1
MXI1,FARSB,1
MXI1,NPM1,1
MXI1,POLR1C,1
MXI1,PDCD11,1
MXI1,NOC3L,1
MXI1,WDR12,1
MXI1,POLR1B,1
MXI1,FOXJ1,1
MXI1,NUP54,1
MXI1,PHB2,1
MXI1,CCNA2,1
MXI1,NT5DC3,1
MXI1,DYNC2LI1,1
MXI1,KIF15,1
MXI1,WDR3,1
MXI1,SKA3,1
MXI1,POLR2I,1
MXI1,BUB1B,1
MXI1,RUVBL1,1
MXI1,RIOK1,1
MXI1,ACOX3,1
MXI1,MXI1,1
MXI1,SNRPD1,1
MXI1,STAT3,1
MXI1,ZNF146,1
MXI1,CCNE2,1
MXI1,APEX1,1
MXI1,ZNF202,1
MXI1,DNAJC2,1
MXI1,RGPD2,1
MXI1,MRPL1,1
MXI1,ZNF587,1
MXI1,RPP40,1
MXI1,HIF1A,1
MXI1,ELMOD2,1
MXI1,ZNF142,1
MXI1,HMGN2,1
MXI1,NCAPG,1
MXI1,SLC19A2,1
MXI1,NAA15,1
MXI1,POLR2K,1
MXI1,UHRF1,1
MXI1,ARL4A,1
MXI1,NOL11,1
MXI1,E2F3,1
MXI1,ZBTB10,1
MXI1,YBX1,1
MXI1,CREB3L4,1
MXI1,WDR35,1
MXI1,YPEL5,1
MXI1,AGPAT5,1
MXI1,GTF2H2,1
MXI1,PREPL,1
MXI1,PA2G4,1
MXI1,JUND,1
MXI1,BTBD10,1
MXI1,HNRNPAB,1
MXI1,FAM117B,1
MXI1,WDHD1,1
MXI1,MXD4,1
MXI1,SLC39A8,1
MXI1,DAXX,1
MXI1,TP53,1
MXI1,TIPIN,1
MXI1,TMF1,1
MXI1,DNAAF2,1
MXI1,HNRNPD,1
MXI1,KAT6A,1
MXI1,MCCC1,1
MXI1,DTL,1
MXI1,RALB,1
MXI1,DCAF6,1
MXI1,CDCA8,1
MXI1,CEP290,1
MXI1,MCM7,1
MXI1,CCDC138,1
MXI1,ZRANB2,1
MXI1,RAD51AP1,1
MXI1,KLHL12,1
MXI1,ABLIM1,1
MXI1,OTUD6B,1
MXI1,POLB,1
MXI1,KLHL28,1
MXI1,ASH2L,1
MXI1,ADAMTS3,1
MXI1,ILF3,1
MXI1,MIA3,1
MXI1,CCPG1,1
MXI1,ASXL1,1
MXI1,SSB,1
MXI1,ESPL1,1
MXI1,TRAPPC8,1
MXI1,ZNF165,1
MXI1,NUCB2,1
MXI1,FOXN3,1
MXI1,PPT2,1
MXI1,SLC35A3,1
MXI1,FUBP1,1
MXI1,SF1,1
MXI1,POLR2F,1
MXI1,RFESD,1
MXI1,FAM135A,1
MXI1,CXXC1,1
MXI1,SMARCD1,1
MXI1,C4orf46,1
MXI1,RNF138,1
MXI1,PGM2,1
MXI1,CALCOCO1,1
MXI1,ILF2,1
MXI1,PURA,1
MXI1,SNRPB,1
MXI1,DDX54,1
MXI1,CHAF1A,1
MXI1,NFKBIB,1
MXI1,MITF,1
MXI1,ANKMY2,1
MXI1,CREB3L2,1
MXI1,ID1,1
MXI1,CDK6,1
MXI1,GDAP1,1
MXI1,ANKRD28,1
MXI1,ATG4C,1
MXI1,PFKFB2,1
MXI1,DNMT3A,1
MXI1,NR2C1,1
MXI1,SAP18,1
MXI1,E2F7,1
MXI1,MAFF,1
MXI1,CSDE1,1
MXI1,SRSF10,1
MXI1,NFIA,1
MXI1,CTNNB1,1
MXI1,RBPJ,1
MXI1,SENP7,1
MXI1,PAWR,1
MXI1,RBFOX2,1
MXI1,CALB1,1
MXI1,KAT7,1
MXI1,PPARGC1B,1
MXI1,RMI1,1
MXI1,HNRNPK,1
MXI1,MAPK10,1
MXI1,REL,1
MXI1,SUPT7L,1
MXI1,CDC7,1
MXI1,ANKRD13C,1
MXI1,ARHGAP28,1
MXI1,SLC6A15,1
MXI1,LIMCH1,1
MXI1,LDB2,1
MXI1,TCF4,1
MXI1,GCA,1
MXI1,PPM1H,1
MXI1,COBLL1,1
MXI1,ZNF219,1
MXI1,SOX2,1
MXI1,TRIM2,1
MXI1,IFI16,1
MXI1,NCAM1,1
MXI1,APBB1,1
MXI1,GABRB3,1
MXI1,TFDP1,1
MXI1,TMEM64,1
MXI1,HESX1,1
MXI1,SIX6,1
MXI1,CCDC81,1
MXI1,SPP1,1
MXI1,SLC35F1,1
NANOG,OTX2,1
NANOG,HESX1,1
NANOG,PRICKLE1,1
NANOG,CER1,1
NANOG,AK4,1
NANOG,DNMT3B,1
NANOG,ZNF202,1
NANOG,DCLK1,1
NANOG,ETV1,1
NANOG,TNC,1
NANOG,SFRP2,1
NANOG,PRDM14,1
NANOG,SMAD6,1
NANOG,RGS5,1
NANOG,WDHD1,1
NANOG,ST8SIA4,1
NANOG,RGPD2,1
NANOG,ETV4,1
NANOG,KLHL4,1
NANOG,PLAGL1,1
NANOG,IFI16,1
NANOG,AKAP2,1
NANOG,GRHL2,1
NANOG,WLS,1
NANOG,HDAC9,1
NANOG,IGDCC4,1
NANOG,CD200,1
NANOG,TFAP2A,1
NANOG,USP44,1
NANOG,TLE2,1
NANOG,PAM,1
NANOG,KHSRP,1
NANOG,TLE3,1
NANOG,PHLDB2,1
NANOG,RBM14,1
NANOG,CNBP,1
NANOG,PPM1H,1
NANOG,FOXP1,1
NANOG,MECOM,1
NANOG,SALL2,1
NANOG,ASXL1,1
NANOG,SFPQ,1
NANOG,ZNF589,1
NANOG,ADAMTS3,1
NANOG,TTC39B,1
NANOG,NEDD9,1
NANOG,LPIN1,1
NANOG,ID1,1
NANOG,ANXA3,1
NANOG,PALLD,1
NANOG,TRIM22,1
NANOG,VIM,1
NANOG,PBX1,1
NANOG,KLF5,1
NANOG,BAMBI,1
NANOG,ATP2B4,1
NANOG,FOXD3,1
NANOG,ELAVL2,1
NANOG,FOXN3,1
NANOG,SRSF1,1
NANOG,PFKFB2,1
NANOG,C4orf46,1
NANOG,SNAPC3,1
NANOG,TCF4,1
NANOG,POU2F1,1
NANOG,EHMT2,1
NANOG,MDM4,1
NANOG,PTMA,1
NANOG,NUP54,1
NANOG,POLR1B,1
NANOG,SAMD3,1
NANOG,RNF19A,1
NANOG,TFB2M,1
NANOG,PHB2,1
NANOG,ILF2,1
NANOG,HNRNPD,1
NANOG,UNC5D,1
NANOG,GTF2H2,1
NANOG,DKK1,1
NANOG,THY1,1
NANOG,PITX2,1
NANOG,NFIA,1
NANOG,ASNS,1
NANOG,SUPT7L,1
NANOG,RBMX,1
NANOG,CCNE2,1
NANOG,EPCAM,1
NANOG,FN1,1
NANOG,SOX5,1
NANOG,CDC7,1
NANOG,ESRP1,1
NANOG,CCNA2,1
NANOG,DSCC1,1
NANOG,MED16,1
NANOG,JMJD1C,1
NANOG,ZRANB2,1
NANOG,RPE,1
NANOG,PREPL,1
NANOG,GSC,1
NANOG,LIN28A,1
NANOG,CREB3L4,1
NANOG,ARHGAP42,1
NANOG,ENC1,1
NANOG,NCAM1,1
NANOG,CALCOCO1,1
NANOG,RMI1,1
NANOG,HNRNPK,1
NANOG,KLHL12,1
NANOG,PDCD11,1
NANOG,CNTRL,1
NANOG,ATG4C,1
NANOG,KLHL28,1
NANOG,ANKRD28,1
NANOG,RBBP4,1
NANOG,CXXC1,1
NANOG,PMAIP1,1
NANOG,ARL4A,1
NANOG,ILF3,1
NANOG,TBX3,1
NANOG,BCLAF1,1
NANOG,MBIP,1
NANOG,RXRG,1
NANOG,NFKBIB,1
NANOG,BUB1B,1
NANOG,ANKZF1,1
NANOG,RHOBTB3,1
NANOG,KIF15,1
NANOG,AFF1,1
NANOG,MCM3,1
NANOG,MIA3,1
NANOG,PROM1,1
NANOG,RBPJ,1
NANOG,PRDM1,1
NANOG,CHEK2,1
NANOG,RBFOX2,1
NANOG,EEF1A1,1
NANOG,FXR1,1
NANOG,ZNF521,1
NANOG,NCAPG,1
NANOG,RUVBL1,1
NANOG,PRIM1,1
NANOG,MFAP4,1
NANOG,RAD51AP1,1
NANOG,MCM6,1
NANOG,MXD4,1
NANOG,XRCC6,1
NANOG,PNPLA8,1
NANOG,SKIL,1
NANOG,NUCB2,1
NANOG,RRAS2,1
NANOG,FAM117B,1
NANOG,STAT3,1
NANOG,PHLDA1,1
NANOG,NPM1,1
NANOG,ISL1,1
NANOG,MEX3C,1
NANOG,SNRPD1,1
NANOG,ZNF146,1
NANOG,HAS2,1
NANOG,YBX1,1
NANOG,ZNF764,1
NANOG,CRABP2,1
NANOG,KAT7,1
NANOG,KIAA1324L,1
NANOG,ARHGAP28,1
NANOG,SNAI2,1
NANOG,CCND1,1
NANOG,SLC35A3,1
NANOG,ZNF585B,1
NANOG,MRPL1,1
NANOG,ELMOD2,1
NANOG,EXO1,1
NANOG,MXI1,1
NANOG,ZNF30,1
NANOG,POLR2A,1
NANOG,NAA15,1
NANOG,STT3B,1
NANOG,FBXO34,1
NANOG,SEMA3E,1
NANOG,CCDC82,1
NANOG,SOX4,1
NANOG,KAT6A,1
NANOG,FER,1
NANOG,ARID5B,1
NANOG,LRAT,1
NANOG,ZNF24,1
NANOG,RAD51,1
NANOG,ELL2,1
NANOG,CREB3L2,1
NANOG,NUP35,1
NANOG,TJP2,1
NANOG,KIF23,1
NANOG,SATB1,1
NANOG,CCDC138,1
NANOG,MRPS30,1
NANOG,SEMA6A,1
NANOG,VASH2,1
NANOG,SRSF2,1
NANOG,NANOG,1
NANOG,ANKRD50,1
NANOG,CYP1B1,1
NANOG,PA2G4,1
NANOG,DNAAF2,1
NANOG,TP53,1
NANOG,CEP85L,1
NANOG,GPR83,1
NANOG,MRPS35,1
NANOG,BLM,1
NANOG,SSB,1
NANOG,TRUB1,1
NANOG,WDR35,1
NANOG,ZNF8,1
NANOG,MYOCD,1
NANOG,GPC6,1
NANOG,ZNF83,1
NANOG,SMAD2,1
NANOG,SNX18,1
NANOG,RNPS1,1
NANOG,KLHL24,1
NANOG,PLAGL2,1
NANOG,NDC80,1
NANOG,NOL11,1
NANOG,UPF2,1
NANOG,TRIM2,1
NANOG,POLR1A,1
NANOG,SF1,1
NANOG,WDFY1,1
NANOG,AGPAT5,1
NANOG,GATM,1
NANOG,CENPK,1
NANOG,BARX2,1
NANOG,SMARCC1,1
NANOG,FARSB,1
NANOG,KIF21A,1
NANOG,MSX1,1
NANOG,ITPR2,1
NANOG,SNX14,1
NANOG,FAM135A,1
NANOG,SKA3,1
NANOG,NUSAP1,1
NANOG,CLGN,1
NANOG,ZNF587,1
NANOG,ETV3,1
NANOG,TEAD1,1
NANOG,COL1A2,1
NANOG,TGFBR3,1
NANOG,CD9,1
NANOG,CAMK2D,1
NANOG,HDGF,1
NANOG,CCNB2,1
NANOG,TRIP6,1
NANOG,ESRRG,1
NANOG,PLK1,1
NANOG,JPH1,1
NANOG,ACOX3,1
NANOG,TDRD7,1
NANOG,DUSP4,1
NANOG,ZNF518B,1
NANOG,ZFP42,1
NANOG,AIP,1
NANOG,VWA5A,1
NANOG,TCOF1,1
NANOG,MITF,1
NANOG,LGR5,1
NANOG,SUPT16H,1
NANOG,ANKRD1,1
NANOG,KLF8,1
NANOG,CEBPZ,1
NANOG,DNMT1,1
NANOG,DLGAP5,1
NANOG,POU2F2,1
NANOG,MAFG,1
NANOG,ZNF142,1
NANOG,BTF3,1
NANOG,XRCC5,1
NANOG,COL4A1,1
NANOG,SAP18,1
NANOG,DCAF6,1
NANOG,TDP2,1
NANOG,SIRT1,1
NANOG,PLOD2,1
NANOG,ASB9,1
NANOG,THAP9,1
NANOG,POLR1C,1
NANOG,TBC1D4,1
NANOG,UTP15,1
NANOG,LRRCC1,1
NANOG,DNAJC2,1
NANOG,WDR12,1
NANOG,TRIP11,1
NANOG,TFE3,1
NANOG,SLC46A3,1
NANOG,DEPDC1B,1
NANOG,SEMA6D,1
NANOG,NOC3L,1
NANOG,TMEM64,1
NANOG,PSIP1,1
NANOG,CDK6,1
NANOG,ARID3B,1
NANOG,SOS2,1
NANOG,NFAT5,1
NANOG,DAAM1,1
NANOG,GLDC,1
NANOG,CLDN10,1
NANOG,IRF1,1
NANOG,DAXX,1
NANOG,CEP55,1
NANOG,APC,1
NANOG,SERTAD2,1
NANOG,NTS,1
NANOG,RRN3,1
NANOG,NFKBIA,1
NANOG,RFC3,1
NANOG,DPH2,1
NANOG,NFYB,1
NANOG,FOXH1,1
NANOG,DNA2,1
NANOG,CDCA2,1
NANOG,CBFA2T2,1
NANOG,RIOK1,1
NANOG,BRWD1,1
NANOG,TRIM33,1
NANOG,ARID4B,1
NANOG,CPVL,1
NANOG,ARHGAP29,1
NANOG,CBX3,1
NANOG,RALB,1
NANOG,CITED2,1
NANOG,UTP18,1
NANOG,TIPIN,1
NANOG,JUND,1
NANOG,KLF7,1
NANOG,WWTR1,1
NANOG,SNRPB,1
NANOG,SH3RF1,1
NANOG,GRPR,1
NANOG,DYNC2LI1,1
NANOG,INSIG2,1
NANOG,ELOVL2,1
NANOG,CUX1,1
NANOG,CSDE1,1
NANOG,NR2C1,1
NANOG,BTBD10,1
OTX2,POU2F1,1
OTX2,HNRNPD,1
OTX2,MLLT3,1
OTX2,PLAGL1,1
OTX2,TCOF1,1
OTX2,CCNA2,1
OTX2,KHSRP,1
OTX2,PALLD,1
OTX2,SRSF2,1
OTX2,CCPG1,1
OTX2,HIF1A,1
OTX2,ATF6,1
OTX2,ZNF202,1
OTX2,C4orf46,1
OTX2,JMJD1C,1
OTX2,SNX18,1
OTX2,ESRRG,1
OTX2,EMB,1
OTX2,MIA3,1
OTX2,COL1A2,1
OTX2,GSC,1
OTX2,RUVBL1,1
OTX2,RBBP4,1
OTX2,AFF1,1
OTX2,PA2G4,1
OTX2,HESX1,1
OTX2,ELAVL2,1
OTX2,SF1,1
OTX2,DPYSL3,1
OTX2,PHB2,1
OTX2,RNF19A,1
OTX2,CBFA2T2,1
OTX2,HMGA1,1
OTX2,CTNNB1,1
OTX2,TNC,1
OTX2,ARHGAP28,1
OTX2,E2F3,1
OTX2,CALCOCO1,1
OTX2,TP53,1
OTX2,TADA1,1
OTX2,RAD51AP1,1
OTX2,CEP290,1
OTX2,CNKSR3,1
OTX2,CD9,1
OTX2,PRIM1,1
OTX2,CDC20,1
OTX2,SNRPB,1
OTX2,CDCA2,1
OTX2,SOX4,1
OTX2,CRX,1
OTX2,WDR3,1
OTX2,RGPD2,1
OTX2,FLRT3,1
OTX2,UNC5D,1
OTX2,MRPL1,1
OTX2,YBX1,1
OTX2,NUP54,1
OTX2,ILF2,1
OTX2,RND3,1
OTX2,STAT3,1
OTX2,SRSF1,1
OTX2,SUPT7L,1
OTX2,BTF3,1
OTX2,NEDD4,1
OTX2,RBPJ,1
OTX2,BCLAF1,1
OTX2,PFKFB2,1
OTX2,PLXNA2,1
OTX2,RNF138,1
OTX2,EWSR1,1
OTX2,APEX1,1
OTX2,ANKRD28,1
OTX2,TIPIN,1
OTX2,XRN1,1
OTX2,ATP11B,1
OTX2,CBX3,1
OTX2,APC,1
OTX2,TRIP11,1
OTX2,DNMT3A,1
OTX2,ZNF24,1
OTX2,ISL1,1
OTX2,WDR12,1
OTX2,TCF4,1
OTX2,TFB2M,1
OTX2,RFXANK,1
OTX2,CER1,1
OTX2,TRIM2,1
OTX2,PDCD11,1
OTX2,SLC39A11,1
OTX2,AFF4,1
OTX2,ZNF589,1
OTX2,FUBP1,1
OTX2,ACOX3,1
OTX2,NCAPG,1
OTX2,WDR5,1
OTX2,PNPLA8,1
OTX2,OTUD6B,1
OTX2,BUB1B,1
OTX2,MCM6,1
OTX2,PIP4K2A,1
OTX2,NRIP1,1
OTX2,LGR4,1
OTX2,REV3L,1
OTX2,POLR2A,1
OTX2,EXO1,1
OTX2,CSDE1,1
OTX2,KLHL12,1
OTX2,NOL11,1
OTX2,ATG4C,1
OTX2,BCL11B,1
OTX2,CHAF1A,1
OTX2,ZNF165,1
OTX2,KLHL28,1
OTX2,KLHL4,1
OTX2,FOXN3,1
OTX2,CREB3L2,1
OTX2,SAP18,1
OTX2,PELI2,1
OTX2,SKIL,1
OTX2,TLE2,1
OTX2,FAM135A,1
OTX2,NANOG,1
OTX2,RFPL2,1
OTX2,KIF15,1
OTX2,SNAPC3,1
OTX2,ANKZF1,1
OTX2,ARL4D,1
OTX2,TBC1D4,1
OTX2,DTL,1
OTX2,GATM,1
OTX2,EHMT2,1
OTX2,PBXIP1,1
OTX2,PLK1,1
OTX2,CALB1,1
OTX2,MCCC1,1
OTX2,ARL4A,1
OTX2,STAT2,1
OTX2,RORB,1
OTX2,WLS,1
OTX2,NUP35,1
OTX2,SEMA3A,1
OTX2,ZNF585B,1
OTX2,MAFG,1
OTX2,POLR2K,1
OTX2,PAM,1
OTX2,PPP1R9A,1
OTX2,ELL2,1
OTX2,DNAAF2,1
OTX2,FBXO5,1
OTX2,SUPT16H,1
OTX2,KLF5,1
OTX2,NR2C1,1
OTX2,ATP2B4,1
OTX2,DCAF6,1
OTX2,PTMA,1
OTX2,WDHD1,1
OTX2,WWP1,1
OTX2,ID1,1
OTX2,SLC19A2,1
OTX2,CXXC1,1
OTX2,LTBP1,1
OTX2,SIRT1,1
OTX2,AIP,1
OTX2,ETV4,1
OTX2,SLC39A8,1
OTX2,CHEK2,1
OTX2,MXI1,1
OTX2,EPB41L3,1
OTX2,NFKBIB,1
OTX2,PROM1,1
OTX2,OTX2,1
OTX2,RUVBL2,1
OTX2,HSD17B11,1
OTX2,KLF7,1
OTX2,RTKN2,1
OTX2,NFIA,1
OTX2,ZNF764,1
OTX2,GPR83,1
OTX2,ALG6,1
OTX2,YPEL5,1
OTX2,VWA5A,1
OTX2,NUSAP1,1
OTX2,HNRNPAB,1
OTX2,SATB1,1
OTX2,ATRX,1
OTX2,ENC1,1
OTX2,STC1,1
OTX2,MBIP,1
OTX2,FBN1,1
OTX2,DDHD2,1
OTX2,ESPL1,1
OTX2,BRWD1,1
OTX2,SKA3,1
OTX2,TGFB1,1
OTX2,ZNF587,1
OTX2,ARID4B,1
OTX2,SLA2,1
OTX2,CEP55,1
OTX2,CEP85L,1
OTX2,DEPDC1B,1
OTX2,DLGAP5,1
OTX2,SNRPD1,1
OTX2,NEDD9,1
OTX2,ASXL1,1
OTX2,NOC3L,1
OTX2,NONO,1
OTX2,HDAC9,1
OTX2,TTC39B,1
OTX2,PPM1H,1
OTX2,PREPL,1
OTX2,SRSF10,1
OTX2,CA14,1
OTX2,ZNF146,1
OTX2,CEBPZ,1
OTX2,TLE3,1
OTX2,GDAP1,1
OTX2,FBXO28,1
OTX2,VPS13C,1
OTX2,NPM1,1
OTX2,MCM7,1
OTX2,FER,1
OTX2,POLR1A,1
OTX2,MEX3C,1
OTX2,SLC35F1,1
OTX2,MRPS35,1
OTX2,COMMD10,1
OTX2,ALPK2,1
OTX2,KRCC1,1
OTX2,MCM3,1
OTX2,FXR1,1
OTX2,HELZ,1
OTX2,CCDC82,1
OTX2,COL5A2,1
OTX2,RAD51,1
OTX2,FOXP1,1
OTX2,NLGN4X,1
OTX2,LRRCC1,1
OTX2,ITPR2,1
OTX2,HAS2,1
OTX2,ZNF83,1
OTX2,PRICKLE1,1
OTX2,RBFOX2,1
OTX2,KIF23,1
OTX2,TRAF6,1
OTX2,SALL2,1
OTX2,NCAM1,1
OTX2,LMO2,1
OTX2,SATB2,1
OTX2,DAXX,1
OTX2,TMSB15B,1
OTX2,LRR1,1
OTX2,MIF,1
OTX2,ST8SIA1,1
OTX2,NR3C1,1
OTX2,NAA15,1
OTX2,C3orf14,1
OTX2,USP44,1
OTX2,DCLK1,1
OTX2,ADAMTS3,1
OTX2,TSPAN12,1
OTX2,ZNF30,1
OTX2,CRABP2,1
OTX2,U2AF1,1
OTX2,ANKRD50,1
OTX2,SEMA6D,1
OTX2,SMAD5,1
OTX2,RNF13,1
OTX2,KLHL24,1
OTX2,RGS5,1
OTX2,THAP9,1
OTX2,DKK4,1
OTX2,RBMX,1
OTX2,ARHGAP42,1
OTX2,KIAA1324L,1
OTX2,TRAPPC8,1
OTX2,PARP1,1
OTX2,IFI16,1
OTX2,AGL,1
OTX2,MYCN,1
OTX2,PGM2,1
OTX2,CCNE2,1
OTX2,CLDN11,1
OTX2,TJP2,1
OTX2,PBX1,1
OTX2,CAP2,1
OTX2,GRPR,1
OTX2,CPVL,1
OTX2,CDK6,1
OTX2,CCDC80,1
OTX2,ALCAM,1
OTX2,PHF21A,1
OTX2,MAN1A1,1
OTX2,ITGA6,1
OTX2,EZH2,1
OTX2,COL5A1,1
OTX2,BMP4,1
OTX2,SH3BGRL2,1
OTX2,GRHL2,1
OTX2,PLOD2,1
OTX2,ZEB1,1
OTX2,PLCB4,1
OTX2,MSX1,1
OTX2,AK4,1
OTX2,RHOBTB3,1
OTX2,CSRP2,1
OTX2,NFATC1,1
OTX2,CDCA7L,1
OTX2,CD200,1
OTX2,JPH1,1
OTX2,ZNF488,1
OTX2,SEMA5A,1
OTX2,ST8SIA4,1
OTX2,BAMBI,1
OTX2,ESRP1,1
OTX2,TFAP2A,1
OTX2,PTPRZ1,1
OTX2,ZNF142,1
OTX2,COL4A6,1
OTX2,ZNF518B,1
OTX2,RIOK1,1
OTX2,TEAD4,1
OTX2,RRAS2,1
OTX2,ISCA1,1
OTX2,DNMT3B,1
OTX2,MECOM,1
OTX2,DLC1,1
OTX2,PIK3R5,1
OTX2,MATN3,1
OTX2,MMP16,1
OTX2,NFATC3,1
OTX2,TMEM64,1
OTX2,ZKSCAN1,1
OTX2,ANKRD6,1
OTX2,GCA,1
OTX2,QPCT,1
OTX2,DSCC1,1
OTX2,PHLDB2,1
OTX2,SERPINE2,1
OTX2,ETV1,1
OTX2,VIM,1
POU5F1,STAT3,1
POU5F1,PRICKLE1,1
POU5F1,NANOG,1
POU5F1,HDAC9,1
POU5F1,POLR2A,1
POU5F1,CD200,1
POU5F1,RGPD2,1
POU5F1,USP44,1
POU5F1,E2F7,1
POU5F1,OTX2,1
POU5F1,FOXP1,1
POU5F1,PLAGL1,1
POU5F1,HESX1,1
POU5F1,AFF1,1
POU5F1,ETV1,1
POU5F1,PHLDB2,1
POU5F1,ARHGAP42,1
POU5F1,KAT6A,1
POU5F1,AK4,1
POU5F1,DCLK1,1
POU5F1,POU2F1,1
POU5F1,KLF5,1
POU5F1,NFAT5,1
POU5F1,TRIM22,1
POU5F1,ZNF589,1
POU5F1,ANKRD26,1
POU5F1,CER1,1
POU5F1,ZNF202,1
POU5F1,PITX2,1
POU5F1,FOXN3,1
POU5F1,ETV4,1
POU5F1,ENC1,1
POU5F1,GPC6,1
POU5F1,SUPT7L,1
POU5F1,AKAP2,1
POU5F1,PBX1,1
POU5F1,SFRP2,1
POU5F1,GTF2H2,1
POU5F1,ESRP1,1
POU5F1,ASXL1,1
POU5F1,CDC7,1
POU5F1,ANKRD28,1
POU5F1,NFIA,1
POU5F1,RRAS2,1
POU5F1,TNC,1
POU5F1,MRPL1,1
POU5F1,HNRNPD,1
POU5F1,CASD1,1
POU5F1,WLS,1
POU5F1,TCF4,1
POU5F1,LIPG,1
POU5F1,KLF7,1
POU5F1,LPIN1,1
POU5F1,SEMA6D,1
POU5F1,RUVBL1,1
POU5F1,SLC35A3,1
POU5F1,FOXH1,1
POU5F1,NCAM1,1
POU5F1,MMP16,1
POU5F1,LGR4,1
POU5F1,DKK1,1
POU5F1,PHB2,1
POU5F1,E2F3,1
POU5F1,PAM,1
POU5F1,CTNNB1,1
POU5F1,ZNF165,1
POU5F1,ARHGAP28,1
POU5F1,NFYB,1
POU5F1,CDCA2,1
POU5F1,TLE1,1
POU5F1,CCNB2,1
POU5F1,TDP2,1
POU5F1,SLC39A11,1
POU5F1,WWTR1,1
POU5F1,SALL2,1
POU5F1,NDUFC2-KCTD14,1
POU5F1,MIA3,1
POU5F1,GCA,1
POU5F1,HMGA1,1
POU5F1,TLE3,1
POU5F1,TGFB1,1
POU5F1,NUP54,1
POU5F1,SNAPC3,1
POU5F1,RND3,1
POU5F1,PSIP1,1
POU5F1,NCAPG,1
POU5F1,NOC3L,1
PRDM1,SP110,1
PRDM1,MIA3,1
PRDM1,EEF1A1,1
PRDM1,FOXP1,1
PRDM1,NKX3-1,1
PRDM1,RGPD2,1
PRDM1,NR2C1,1
PRDM1,MECOM,1
PRDM1,RND3,1
PRDM1,CNKSR3,1
PRDM1,PREPL,1
PRDM1,CER1,1
PRDM1,CLGN,1
PRDM1,SEMA3E,1
PRDM1,ANGPT2,1
SMAD2,CER1,1
SMAD2,SKIL,1
SMAD2,RGPD2,1
SMAD2,SNX18,1
SMAD2,SMAD6,1
SMAD2,ID1,1
SMAD2,AFF1,1
SMAD2,NANOG,1
SMAD2,KIAA1324L,1
SMAD2,CBX3,1
SMAD2,ABLIM1,1
SMAD2,SMARCD3,1
SMAD2,BAMBI,1
SMAD2,ENC1,1
SMAD2,JMJD1C,1
SMAD2,TSPAN12,1
SMAD2,MANEA,1
SMAD2,MCM7,1
SMAD2,PMAIP1,1
SMAD2,KAT6A,1
SMAD2,EMB,1
SMAD2,TTC39B,1
SMAD2,SEMA3E,1
SMAD2,PURA,1
SMAD2,ARHGAP28,1
SMAD2,RTKN2,1
SMAD2,BRWD1,1
SMAD2,ZNF202,1
SMAD2,SNX14,1
SMAD2,CTNNB1,1
SMAD2,AFF4,1
SMAD2,MAML3,1
SMAD2,TIPARP,1
SMAD2,CCPG1,1
SMAD2,HNRNPD,1
SMAD2,MATN3,1
SMAD2,DCLK1,1
SMAD2,E2F3,1
SMAD2,SLC35A3,1
SMAD2,PRDM1,1
SMAD2,SIRT1,1
SMAD2,WDFY1,1
SMAD2,RNF14,1
SMAD2,PHLDB2,1
SMAD2,ETS1,1
SMAD2,MECOM,1
SMAD2,PSIP1,1
SMAD2,ZNF521,1
SMAD2,PRICKLE1,1
SMAD2,FOXN3,1
SMAD2,NUSAP1,1
SMAD2,ARL4A,1
SMAD2,GTF2H2,1
SMAD2,SORL1,1
SMAD2,SEMA6A,1
SMAD2,ANKRD50,1
SMAD2,PPM1H,1
SMAD2,MCM4,1
SMAD2,ELAVL2,1
SMAD2,SKA3,1
SMAD2,RAI1,1
SMAD2,MXI1,1
SMAD2,DPYSL3,1
SMAD2,FXR1,1
SMAD2,ZFHX3,1
SMAD2,RIPPLY1,1
SMAD2,NFAT5,1
SMAD2,DNMT3A,1
SMAD2,ADAMTS3,1
SMAD2,SOS2,1
SMAD2,TRIM2,1
SMAD2,FER,1
SMAD2,MRPS35,1
SMAD2,NUAK1,1
SMAD2,STAT2,1
SMAD2,NFYB,1
SMAD2,OTX2,1
SMAD2,NCAM1,1
SMAD2,ETV1,1
SMAD2,PLOD2,1
SMAD2,SLC6A15,1
SMAD2,RXRG,1
SMAD2,ANGPT2,1
SMAD2,AK4,1
SMAD2,RBPJ,1
SMAD2,NRIP1,1
SMAD2,FUBP1,1
SMAD2,MFAP4,1
SMAD2,SPPL2A,1
SMAD2,KLHL4,1
SMAD2,NFIA,1
SMAD2,KDR,1
SMAD2,CA2,1
SMAD2,TFB2M,1
SMAD2,TP53INP1,1
SMAD2,MCC,1
SMAD2,U2AF1,1
SMAD2,FAM117B,1
SMAD2,BMPR1A,1
SMAD2,DKK1,1
SMAD2,ZEB1,1
SMAD2,TLE3,1
SMAD2,WDR35,1
SMAD2,NDUFC2-KCTD14,1
SMAD2,TLE2,1
SMAD2,ANKRD6,1
SMAD2,ZNF398,1
SMAD2,TADA1,1
SMAD2,CASD1,1
SMAD2,GSC,1
SMAD2,GCA,1
SMAD2,ESRRG,1
SMAD2,CALB1,1
SMAD2,SRSF3,1
SMAD2,PREPL,1
SMAD2,FZD5,1
SMAD2,ZNF165,1
SMAD2,H1F0,1
SMAD2,AMN1,1
SMAD2,PHF21A,1
SMAD2,HIF1A,1
SMAD2,TEAD4,1
SMAD2,PAWR,1
SMAD2,ARHGAP42,1
SMAD2,CA14,1
SMAD2,STIM2,1
SMAD2,MEIS2,1
SMAD2,ARID5B,1
SMAD2,ZFYVE16,1
SMAD2,TRAF6,1
SMAD2,SATB1,1
SMAD2,OXTR,1
SMAD2,DEK,1
SMAD2,SNAI1,1
SMAD2,RRAS2,1
SMAD2,EPCAM,1
SMAD2,PALLD,1
SMAD2,NFKBIA,1
SMAD2,KLHL12,1
SMAD2,HEG1,1
SMAD2,ASNS,1
SMAD2,PGM2,1
SMAD2,MED14,1
SMAD2,KIF21A,1
SMAD2,ARHGAP29,1
SMAD2,TNC,1
SMAD2,LMX1B,1
SMAD2,AGL,1
SMAD2,ZNF471,1
SMAD2,PRSS35,1
SMAD2,GATA4,1
SMAD2,ELMO1,1
SMAD2,RFESD,1
SMAD2,ZNF8,1
SMAD2,HNRNPAB,1
SMAD2,BCAR3,1
SNAI2,ACOX3,1
SNAI2,SLC35F1,1
SNAI2,RBPJ,1
SNAI2,ARL4A,1
SNAI2,RIOK1,1
SNAI2,GCA,1
SNAI2,COBLL1,1
SNAI2,ARID3B,1
SNAI2,TDRD7,1
SNAI2,LIPG,1
SNAI2,PRDM1,1
SNAI2,GRHL1,1
SNAI2,ODC1,1
SNAI2,PLXNA2,1
SNAI2,SNAI1,1
SNAI2,GLDC,1
SNAI2,DCAF6,1
SNAI2,PARP1,1
SNAI2,POU2F1,1
SNAI2,ZDHHC21,1
SNAI2,CLGN,1
SNAI2,SKIL,1
SNAI2,MAGI3,1
SNAI2,BCAR3,1
SNAI2,MYBL2,1
SNAI2,PRMT6,1
SNAI2,EPCAM,1
SNAI2,INSIG2,1
SNAI2,CITED2,1
SNAI2,VPS13C,1
SNAI2,KIAA1324L,1
SNAI2,PAWR,1
SNAI2,ARHGAP29,1
SNAI2,SFMBT1,1
SNAI2,SALL2,1
SNAI2,STAT3,1
SNAI2,AGPAT5,1
SNAI2,PPP1R9A,1
SNAI2,PSIP1,1
SNAI2,TIPARP,1
SNAI2,SEMA6D,1
SNAI2,GATA2,1
SNAI2,SATB1,1
SNAI2,PLAU,1
SNAI2,ASNS,1
SNAI2,TRIM2,1
SNAI2,EPB41L3,1
SNAI2,ELMO1,1
SNAI2,GABRB2,1
SOX17,CXXC1,1
SOX17,PREPL,1
SOX17,DAXX,1
SOX17,KAT7,1
SOX17,NR3C1,1
SOX17,NUP35,1
SOX17,SNAPC3,1
SOX17,KIF15,1
SOX17,TMEM131,1
SOX17,ALPK2,1
SOX17,TTC39B,1
SOX17,C4orf46,1
SOX17,POLB,1
SOX17,PTMA,1
SOX17,OTX2,1
SOX17,LIN28A,1
SOX17,THY1,1
SOX17,SLC39A8,1
SOX17,ILF2,1
SOX17,PHB2,1
SOX17,FBXO28,1
SOX17,CSDE1,1
SOX17,AIP,1
SOX2,HDAC9,1
SOX2,OTX2,1
SOX2,TNC,1
SOX2,DNMT3B,1
SOX2,PTMA,1
SOX2,PRICKLE1,1
SOX2,HESX1,1
SOX2,USP44,1
SOX2,NANOG,1
SOX2,ETV4,1
SOX2,LIMCH1,1
SOX2,RGPD2,1
SOX2,AKAP2,1
SOX2,NEDD9,1
SOX2,SFRP2,1
SOX2,KIF21A,1
SOX2,CER1,1
SOX2,SNAPC3,1
SOX2,PTPRZ1,1
SOX2,FOXP1,1
SOX2,ETV1,1
SOX2,C4orf46,1
SOX2,GRHL2,1
SOX2,CD200,1
SOX2,VASH2,1
SOX2,IFI16,1
SOX2,MCCC1,1
SOX2,WLS,1
SOX2,RNF19A,1
SOX2,ANKRD6,1
SOX2,POLB,1
SOX2,AFF1,1
SOX2,ARHGAP42,1
SOX2,LRIG3,1
SOX2,POLR1C,1
SOX2,ESRP1,1
SOX2,ZHX3,1
SOX2,SFPQ,1
SOX2,SALL2,1
SOX2,ILF2,1
SOX2,CDK6,1
SOX2,PLAGL1,1
SOX2,MAPK10,1
SOX2,EEF1A1,1
SOX2,TRIM22,1
SOX2,MRPS30,1
SOX2,PBXIP1,1
SOX2,TJP2,1
SOX2,SMAD6,1
SOX2,CITED2,1
SOX2,ZNF202,1
SOX2,TLE3,1
SOX2,PALLD,1
SOX2,ABLIM1,1
SOX2,APEX1,1
SOX2,RBBP4,1
SOX2,RAI14,1
SOX2,TCF4,1
SOX2,DMBX1,1
SOX2,TRIM2,1
SOX2,ABCA1,1
SOX2,RBPJ,1
SOX2,TP53,1
SOX2,KHSRP,1
SOX2,BCL11B,1
SOX2,SOX5,1
SOX2,RBMX,1
SOX2,KLF7,1
SOX2,ZNF8,1
SOX2,ZNF589,1
SOX2,NONO,1
SOX2,ARID4B,1
SOX2,FOXN3,1
SOX2,NFIA,1
SOX2,KLHL24,1
SOX2,KLHL4,1
SOX2,ISCA1,1
SOX2,ID1,1
SOX2,KLF5,1
SOX2,POU2F1,1
SOX2,KAT7,1
SOX2,ESRRG,1
SOX2,TMF1,1
SOX2,ACOX3,1
SOX2,LTBP1,1
SOX2,CDC7,1
SOX2,APC,1
SOX2,MCM7,1
SOX2,RGS5,1
SOX2,NUSAP1,1
SOX2,EGF,1
SOX2,ZNF24,1
SOX2,BLM,1
SOX2,ILF3,1
SOX2,TTC39B,1
SOX2,E2F7,1
SOX2,TRIM28,1
SOX2,NFATC3,1
SOX2,BAMBI,1
SOX2,FUBP1,1
SOX2,PHB2,1
SOX2,ANKRD28,1
SOX2,CALCOCO1,1
SOX2,ENC1,1
SOX2,LZTS1,1
SOX2,FXR1,1
SOX2,FEZ1,1
SOX2,ST8SIA1,1
SOX2,ARL4D,1
SOX2,RBFOX2,1
SOX2,ATP2B4,1
SOX2,DCLK1,1
SOX2,STAT3,1
SOX2,GPC6,1
SOX2,ZNF764,1
SOX2,E2F3,1
SOX2,ELAVL2,1
SOX2,MXI1,1
SOX2,CAP2,1
SOX2,HNRNPD,1
SOX2,RND3,1
SOX2,HSD17B11,1
SOX2,PHLDB2,1
SOX2,AFF4,1
SOX2,ZNF146,1
SOX2,BCAR3,1
SOX2,CCNB2,1
SOX2,STAT2,1
SOX2,TFAP2A,1
SOX2,ZNF521,1
SOX2,NCAM1,1
SOX2,NRIP1,1
SOX2,SOX2,1
SOX2,CAMK2D,1
SOX2,POLR2H,1
SOX2,MAFG,1
SOX2,TRAF6,1
SOX2,PSIP1,1
SOX2,PAM,1
SOX2,MIA3,1
SOX2,HNRNPAB,1
SOX2,CSDE1,1
SOX2,AK4,1
SOX2,INSIG2,1
SOX2,DEPDC1B,1
SOX2,ZBTB10,1
SOX2,DTL,1
SOX2,KIF23,1
SOX2,LGALSL,1
SOX2,SMARCD3,1
SOX2,ANKRD50,1
SOX2,SF1,1
SOX2,RAD51AP1,1
SOX2,SOX4,1
SOX2,MYCN,1
SOX2,DAB2,1
SOX2,GDAP1,1
SOX2,HEG1,1
SOX2,YPEL5,1
SOX2,SCD5,1
SOX2,BTBD10,1
SOX2,ELMO1,1
SOX2,KAT6A,1
SOX2,DNMT1,1
SOX2,SLC36A4,1
SOX2,DUSP4,1
SOX2,ZNF142,1
SOX2,ARID5B,1
SOX2,LMO2,1
SOX2,TMSB15B,1
SOX2,RUVBL2,1
SOX2,MCM4,1
SOX2,CA14,1
SOX2,JPH1,1
SOX2,GLRX,1
SOX2,DLGAP5,1
SOX2,EPHA4,1
SOX2,PREPL,1
SOX2,LUM,1
SOX2,ZBTB38,1
SOX2,RUNX1,1
SOX2,MEIS1,1
SOX2,PRSS35,1
SOX2,CCPG1,1
SOX2,SIRT1,1
SOX2,ASXL1,1
SOX2,RFXANK,1
SOX2,SEMA6A,1
SOX2,FN1,1
SOX2,TRERF1,1
SOX2,XRCC5,1
SOX2,LIFR,1
SOX2,JMJD1C,1
SOX2,CCNA2,1
SOX2,ANKRD13C,1
SOX2,ZNF30,1
SOX2,ZNF219,1
SOX2,THAP9,1
SOX2,SRSF1,1
SOX2,BUB1B,1
SOX2,PARP1,1
SOX2,ASNS,1
SOX2,MAFF,1
SOX2,ESCO2,1
SOX2,MYOF,1
SOX2,HAS2,1
SOX2,PHC1,1
SOX2,SRSF3,1
SOX2,DKK1,1
SOX2,CNKSR3,1
SOX2,SLC39A8,1
SOX2,CHAF1A,1
SOX2,CSRP2,1
SOX2,UHRF1,1
SOX2,TSPAN12,1
SOX2,MEF2D,1
SOX2,KIAA1324L,1
SOX2,CBX3,1
SOX2,TRUB1,1
SOX2,OTUD6B,1
SOX2,APBB2,1
SOX2,PRTG,1
SOX2,PLK1,1
SOX2,SEMA3A,1
SOX2,NAP1L3,1
SOX2,LIPG,1
SOX2,MITF,1
SOX2,BMPR1A,1
SOX2,WWTR1,1
SOX2,MATN3,1
SOX2,TADA1,1
SOX2,PPT2,1
SOX2,POLR2K,1
SOX2,TLE2,1
SOX2,SAP18,1
SOX2,RORB,1
SOX2,NR2C1,1
SOX2,UPF2,1
SOX2,MDM4,1
SOX2,STC1,1
SOX2,MYBBP1A,1
SOX2,AIP,1
SOX2,CXXC1,1
SOX2,TCOF1,1
SOX2,SUPT16H,1
SOX2,HIF3A,1
SOX2,SH3BGRL,1
SOX2,FAM117B,1
SOX2,TFB2M,1
SOX2,WDR12,1
SOX2,SYNE2,1
SOX2,COL5A2,1
SOX2,SNAI2,1
SOX2,ATF6,1
SOX2,PRDM14,1
STAT3,RGPD2,1
STAT3,ANKRD13C,1
STAT3,ODC1,1
STAT3,ALG6,1
STAT3,APEX1,1
STAT3,ILF2,1
STAT3,POLR2H,1
STAT3,UPF2,1
STAT3,ZFYVE16,1
STAT3,RBPJ,1
STAT3,ZNF146,1
STAT3,ZRANB2,1
STAT3,NFKBIB,1
STAT3,FBXO34,1
STAT3,MCM6,1
STAT3,HOMER1,1
STAT3,PLK1,1
STAT3,CCPG1,1
STAT3,LRR1,1
STAT3,HNRNPAB,1
STAT3,CDC20,1
STAT3,STK38L,1
STAT3,HMGN2,1
STAT3,XRCC6,1
STAT3,ZNF202,1
STAT3,AGPAT5,1
STAT3,ELL2,1
STAT3,SEMA6A,1
STAT3,CLGN,1
STAT3,TEAD1,1
STAT3,TRPS1,1
TCF4,DUSP4,1
TEAD4,TEAD1,1
TEAD4,TEAD4,1
TEAD4,ANKRD1,1
TEAD4,ILF2,1
TEAD4,TRIP6,1
TEAD4,BCAR3,1
TEAD4,SERTAD2,1
TEAD4,CREB3L2,1
TEAD4,MED16,1
TEAD4,SORL1,1
TEAD4,MCCC1,1
TEAD4,ETV4,1
TEAD4,RGPD2,1
TEAD4,SRSF3,1
TEAD4,CDK6,1
TEAD4,RAI14,1
TEAD4,TRUB1,1
TEAD4,HELZ,1
TEAD4,RNF19A,1
TEAD4,DUSP4,1
TEAD4,TCF4,1
TEAD4,MCC,1
TEAD4,ILF3,1
TEAD4,RGS5,1
TEAD4,ANXA3,1
TEAD4,COBLL1,1
TEAD4,CNTRL,1
TEAD4,ATG4C,1
TEAD4,HNRNPD,1
TEAD4,HIF3A,1
TEAD4,STAT3,1
TEAD4,MATN3,1
TEAD4,RARG,1
TEAD4,KIF15,1
TEAD4,TCF19,1
TEAD4,MCM5,1
TEAD4,SIRT1,1
TEAD4,CALB1,1
TEAD4,TMEM64,1
TEAD4,CSDE1,1
TEAD4,ANKRD13C,1
TEAD4,ZNF165,1
TEAD4,C3orf14,1
TEAD4,CTNNB1,1
TEAD4,ATF6,1
TEAD4,DLC1,1
TEAD4,RBFOX2,1
TEAD4,CXXC1,1
TEAD4,ZFHX3,1
TEAD4,ETS1,1
TEAD4,SFPQ,1
TEAD4,PLK2,1
TEAD4,DAB2,1
TEAD4,MBIP,1
TEAD4,MCM7,1
TEAD4,PAWR,1
TEAD4,SRSF2,1
TEAD4,MRPL1,1
TEAD4,GTF2H2,1
TEAD4,REV3L,1
TEAD4,RPP40,1
TEAD4,XRCC5,1
TEAD4,IFI16,1
TEAD4,PREPL,1
TEAD4,GDAP1,1
TEAD4,NOL11,1
TEAD4,SLC39A8,1
TEAD4,CITED2,1
TEAD4,TMF1,1
TEAD4,SLC35A3,1
TEAD4,SUPT7L,1
TEAD4,STAT2,1
TEAD4,BMPR1A,1
TEAD4,ZNF219,1
TEAD4,AFF1,1
TEAD4,ANKRD50,1
TEAD4,ASXL1,1
TEAD4,NUP54,1
TEAD4,NDUFC2-KCTD14,1
TEAD4,AGL,1
TEAD4,FUBP1,1
TEAD4,SRSF1,1
TEAD4,ZNF589,1
TEAD4,LIMCH1,1
TEAD4,BUB1B,1
TEAD4,KAT6A,1
TEAD4,MAML3,1
TEAD4,CEP290,1
TEAD4,RUNX1,1
TEAD4,ID1,1
TEAD4,PNPLA8,1
TEAD4,IL6ST,1
TEAD4,AIP,1
TEAD4,TJP2,1
TEAD4,COL4A6,1
TEAD4,SNRPB,1
TEAD4,KIF23,1
TEAD4,RRAS2,1
TEAD4,EEF1A1,1
TEAD4,ARL4A,1
TEAD4,BCLAF1,1
TEAD4,GRHL1,1
TEAD4,ELL2,1
TEAD4,RBPJ,1
TEAD4,NFAT5,1
TEAD4,SUPT16H,1
TEAD4,PDCD11,1
TEAD4,POLR2H,1
TEAD4,FER,1
TEAD4,TDRD7,1
TEAD4,PHB2,1
TEAD4,CDCA7L,1
TEAD4,PALLD,1
TEAD4,ZRANB2,1
TEAD4,FXR1,1
TEAD4,ZFYVE16,1
TEAD4,MEIS1,1
TEAD4,DNMT3A,1
TEAD4,FBXO28,1
TEAD4,OTUD6B,1
TEAD4,KLHL12,1
TEAD4,TTC27,1
TEAD4,ARID5B,1
TEAD4,CAP2,1
TEAD4,NDC80,1
TEAD4,CDC7,1
TEAD4,RAD51AP1,1
TEAD4,TFAP4,1
TEAD4,ESCO2,1
TEAD4,ITM2A,1
TEAD4,REL,1
TEAD4,PARN,1
TEAD4,SLC19A2,1
TEAD4,STIM2,1
TEAD4,DNAJC2,1
TEAD4,CCDC138,1
TEAD4,ELMO1,1
TEAD4,PAM,1
TEAD4,SLC35F1,1
TEAD4,RRN3,1
TEAD4,PPM1H,1
TEAD4,POLR1C,1
TEAD4,BRWD1,1
TEAD4,MIA3,1
TEAD4,SNRPD1,1
TEAD4,WDFY1,1
TEAD4,TFAP2A,1
TEAD4,RMI1,1
TEAD4,HNRNPK,1
TEAD4,JMJD1C,1
TEAD4,KAT7,1
TEAD4,TTK,1
TEAD4,ETV1,1
TEAD4,RAD51,1
TEAD4,ATP2B4,1
TEAD4,LPGAT1,1
TEAD4,NFKBIB,1
TEAD4,TRAF6,1
TEAD4,DKK1,1
TEAD4,MRPS35,1
TEAD4,NFYB,1
TEAD4,SLC39A11,1
TEAD4,NUP35,1
TEAD4,HNRNPAB,1
TEAD4,WWP1,1
TEAD4,ZBTB38,1
TEAD4,SSB,1
TEAD4,RUVBL1,1
TEAD4,WWTR1,1
TEAD4,SEMA6A,1
TEAD4,PGM2,1
TEAD4,NFIA,1
TEAD4,SLC46A3,1
TEAD4,LTBP1,1
TEAD4,APBB2,1
TEAD4,SNAI1,1
TEAD4,TCF7L1,1
TEAD4,NR2C1,1
TEAD4,RBBP4,1
TEAD4,PLAGL2,1
TEAD4,SMARCC1,1
TEAD4,COL1A2,1
TEAD4,MEF2D,1
TEAD4,ZNF398,1
TEAD4,E2F4,1
TEAD4,TADA1,1
TEAD4,TFE3,1
TEAD4,RFESD,1
TEAD4,ACOX3,1
TEAD4,C4orf46,1
TEAD4,LPIN1,1
TEAD4,USP44,1
TEAD4,FBXO34,1
TEAD4,VIM,1
TEAD4,NOC3L,1
TEAD4,NCAM1,1
TEAD4,ALCAM,1
TEAD4,LIN28A,1
TEAD4,FOXN3,1
TEAD4,PDGFRA,1
TEAD4,PDCD4,1
TEAD4,ASNS,1
TEAD4,TRIP11,1
TEAD4,TRIM2,1
TEAD4,TP53,1
TEAD4,SERPINE2,1
TEAD4,TBX3,1
TEAD4,TIPARP,1
TEAD4,PITX2,1
TEAD4,DNA2,1
TEAD4,EHMT2,1
TEAD4,ZNF30,1
TEAD4,GCA,1
TEAD4,VHL,1
TEAD4,INSIG2,1
TEAD4,APBB1,1
TEAD4,TNC,1
TEAD4,MXI1,1
TEAD4,ANKZF1,1
TEAD4,AKAP2,1
TEAD4,ESRP1,1
TEAD4,CA2,1
TEAD4,GAD1,1
TEAD4,DTL,1
TEAD4,CCPG1,1
TEAD4,DYNC2LI1,1
TEAD4,RND3,1
TEAD4,E2F3,1
TEAD4,MEX3C,1
TEAD4,ST8SIA1,1
TEAD4,RHOBTB3,1
TEAD4,KIAA1324L,1
TEAD4,FOXD3,1
TEAD4,NR3C1,1
TEAD4,PA2G4,1
TEAD4,OXTR,1
TEAD4,MCM4,1
TEAD4,VWA5A,1
TEAD4,TEX10,1
TEAD4,CSRP2,1
TEAD4,MLLT3,1
TEAD4,KLF5,1
TEAD4,MRPS30,1
TEAD4,PLSCR4,1
TEAD4,DNMT1,1
TEAD4,DEPDC1B,1
TEAD4,CCNA2,1
TEAD4,SNAPC3,1
TEAD4,SOX5,1
TEAD4,UNC5D,1
TEAD4,SNX18,1
TEAD4,CPVL,1
TEAD4,APC,1
TEAD4,LRR1,1
TEAD4,FLRT3,1
TEAD4,NAA15,1
TEAD4,CCNE2,1
TEAD4,U2AF1,1
TEAD4,JPH1,1
TEAD4,CDC20,1
TEAD4,PLOD2,1
TEAD4,EWSR1,1
TEAD4,RNPS1,1
TEAD4,GATM,1
TEAD4,SMG6,1
TEAD4,ISCA1,1
TEAD4,OTX2,1
TEAD4,GABRB3,1
TEAD4,CDH11,1
TEAD4,POLR2D,1
TEAD4,FEZ1,1
TEAD4,HLA-DRB1,1
TEAD4,KLF7,1
TEAD4,PMP22,1
TEAD4,PHF21A,1
TEAD4,WDHD1,1
TEAD4,XRCC6,1
TEAD4,CER1,1
TEAD4,S1PR3,1
TEAD4,CYP26A1,1
TEAD4,PPARA,1
TEAD4,SKA3,1
TEAD4,SLC6A15,1
TEAD4,MECOM,1
TEAD4,SH3BGRL,1
TEAD4,MMP16,1
TEAD4,ZNF521,1
TEAD4,SALL2,1
TEAD4,FBN1,1
TEAD4,CLGN,1
TEAD4,EPHA4,1
TEAD4,ALG6,1
TEAD4,PENK,1
TEAD4,TMEM131,1
TEAD4,BMP4,1
TEAD4,FOXK1,1
TEAD4,ZNF585B,1
TEAD4,SIX6,1
TEAD4,SNAI2,1
TEAD4,COL4A1,1
TEAD4,KDR,1
TEAD4,EPB41L3,1
TEAD4,EMB,1
TEAD4,NANOG,1
TEAD4,TFDP1,1
TEAD4,FOXJ1,1
TEAD4,SATB1,1
TEAD4,SCD5,1
TEAD4,AMN1,1
TEAD4,DPYSL3,1
TEAD4,ARHGAP28,1
TEAD4,ETV7,1
TEAD4,MXD4,1
TEAD4,ZIC2,1
TEAD4,HESX1,1
TEAD4,MAPK10,1
TEAD4,HDGF,1
TFAP2A,BAG3,1
TFAP2A,NOC3L,1
TFAP2A,CDC7,1
TFAP2A,MED16,1
TFAP2A,ANKMY2,1
TFAP2A,MCM2,1
TFAP2A,PA2G4,1
TFAP2A,SETBP1,1
TFAP2A,TEAD1,1
TFAP2A,SRSF1,1
TFAP2A,DEPDC1B,1
TFAP2A,AKAP2,1
TFAP2A,ZNF24,1
TFAP2A,ZNF280B,1
TFAP2A,FZD5,1
TFAP2A,ALG6,1
TFAP2A,HNRNPD,1
TFAP2A,TRIM27,1
TFAP2A,PRKACB,1
TFAP2A,DDHD2,1
TFAP2A,UTP18,1
TFAP2A,DAB2,1
TFAP2A,ADAMTS3,1
TFAP2A,FUBP1,1
TFAP2A,MSX1,1
TFAP2A,LIN28A,1
TFAP2A,MIF,1
TFAP2A,SNAPC3,1
TFAP2A,MCM3,1
TFAP2A,SKIL,1
TFAP2A,NFIA,1
TFAP2A,PRTG,1
TFAP2A,IRF1,1
TFAP2A,HPRT1,1
TFAP2A,CA2,1
TFAP2A,DLC1,1
TFAP2A,DCAF6,1
TFAP2A,ZFHX3,1
TFAP2A,CEP290,1
TFAP2A,MCM6,1
TFAP2A,REL,1
TFAP2A,DDX54,1
TFAP2A,MCC,1
TFAP2A,CHEK2,1
TFAP2A,CCND1,1
TFAP2A,NUAK1,1
TFAP2A,GLIPR2,1
TFAP2A,GPSM2,1
TFAP2A,PARP1,1
TFAP2A,PLOD2,1
TFAP2A,SERTAD2,1
TFAP2A,TBC1D4,1
TFAP2A,SLC19A2,1
TFAP2A,SH3RF1,1
TFAP2A,DDAH1,1
TFAP2A,WDHD1,1
TFAP2A,ESPL1,1
TFAP2A,BCLAF1,1
TFAP2A,ZNF8,1
TFAP2A,ANKRD6,1
TFAP2A,ARID3B,1
TFAP2A,KLHL12,1
TFAP2A,ENO1,1
TFAP2A,CDCA7L,1
TFAP2A,GATAD2A,1
TFAP2A,ISCA1,1
TFAP2A,ZDHHC21,1
TFAP2A,SNX14,1
TFAP2A,TNC,1
TFAP2A,COL5A1,1
TFAP2A,RALB,1
TFAP2A,ITPR2,1
TFAP2A,UTP15,1
TFAP2A,CCDC82,1
TFAP2A,ARHGAP28,1
TFAP2A,ODC1,1
TFAP2A,TDRD7,1
TFAP2A,DNAAF2,1
TFAP2A,LIFR,1
TFAP2A,ANKRD50,1
TFAP2A,RUVBL2,1
TFAP2A,FER,1
TFAP2A,MXD4,1
TFAP2A,MYOCD,1
TFAP2A,ZNF488,1
TFAP2A,ASNS,1
TFAP2A,KIF21A,1
TFAP2A,PHLDB2,1
TFAP2A,EPHA4,1
TFAP2A,TRIM25,1
TFAP2A,XRN1,1
TFAP2A,RHOBTB3,1
TFAP2A,APBB2,1
TFAP2A,PPP1R9A,1
TFAP2A,NCAPG,1
TFAP2A,BAMBI,1
TFAP2A,SYNE2,1
TFAP2A,TIPIN,1
TFAP2A,PDCD4,1
TFAP2A,KHSRP,1
TFAP2A,TIMP3,1
TFAP2A,VPS13C,1
TFAP2A,NFKBIB,1
TFAP2A,RARG,1
TFAP2A,PHC1,1
TFAP2A,TSPAN12,1
TFAP2A,TCF7L1,1
TFAP2A,CRABP2,1
TFAP2A,PPARA,1
TFAP2A,NOL11,1
TFAP2A,MRPS35,1
TFAP2A,VASH2,1
TFAP2A,CTNNB1,1
TFAP2A,ARL4A,1
TFAP2A,LDB2,1
TFAP2A,HEG1,1
TFAP2A,RNF138,1
TFAP2A,RNPS1,1
TFAP2A,RMI1,1
TFAP2A,HNRNPK,1
TFAP2A,MFAP4,1
TFAP2A,MAFG,1
TFAP2A,FOXJ1,1
TFAP2A,AFF1,1
TFAP2A,YAF2,1
TFAP2A,VHL,1
TFAP2A,FAM117B,1
TFAP2A,TADA1,1
TFAP2A,ENC1,1
TFAP2A,EGF,1
TFAP2A,TRIM2,1
TFAP2A,CDK6,1
TFAP2A,ZBTB10,1
TFAP2A,ATG4C,1
TFAP2A,GTF2H2,1
TFAP2A,ARID3A,1
TFAP2A,NUCB2,1
TFAP2A,RNF14,1
TFAP2A,HELZ,1
TFAP2A,BUB1B,1
TFAP2A,PPT2,1
TFAP2A,CDCA2,1
TFAP2A,MEF2D,1
TFAP2A,SLC36A4,1
TFAP2A,C3orf14,1
TFAP2A,CBFA2T2,1
TFAP2A,TP53INP1,1
TFAP2A,PARN,1
TFAP2A,CDH11,1
TFAP2A,ZNF239,1
TFAP2A,KAT6A,1
TFAP2A,COL1A2,1
TFAP2A,CHAF1A,1
TFAP2A,POLR1C,1
TFAP2A,TGFBR3,1
TFAP2A,LIMD1,1
TFAP2A,KLHL24,1
TFAP2A,ZNF585B,1
TFAP2A,RGPD2,1
TFAP2A,HMGN2,1
TFAP2A,DNMT1,1
TFAP2A,TMEM47,1
TFAP2A,ARID5B,1
TFAP2A,TMEM38B,1
TFAP2A,DEDD2,1
TFAP2A,HMGA1,1
TFAP2A,HAS2,1
TFAP2A,SNAI1,1
TFAP2A,KIF23,1
TFAP2A,FOXP1,1
TFAP2A,ELMOD2,1
TFAP2A,SH3BGRL2,1
TFAP2A,ANKRD28,1
TFAP2A,ANKRD1,1
TFAP2A,COL5A2,1
TFAP2A,AFF4,1
TFAP2A,TDP2,1
TFAP2A,DNMT3A,1
TFAP2A,MIA3,1
TFAP2A,SLC39A11,1
TFAP2A,POLR2D,1
TFAP2A,SERPINE2,1
TFAP2A,SUPT16H,1
TFAP2A,GATA2,1
TFAP2A,TRERF1,1
TFAP2A,THY1,1
TFAP2A,SUPT7L,1
TFAP2A,MATN3,1
TFAP2A,APC,1
TFAP2A,NT5DC3,1
TFAP2A,CITED2,1
TFAP2A,PER3,1
TFAP2A,IFI16,1
TFAP2A,TGFB1,1
TFAP2A,CEP85L,1
TFAP2A,ROR2,1
TFAP2A,SATB2,1
TFAP2A,VWA5A,1
TFAP2A,PLCB4,1
TFAP2A,LPIN1,1
TFAP2A,TEAD4,1
TFAP2A,COBLL1,1
TFAP2A,DUSP4,1
TFAP2A,TIPARP,1
TFAP2A,RAB31,1
TFAP2A,PDGFRA,1
TFAP2A,CLDN11,1
TFAP2A,NDC80,1
TFAP2A,MYOF,1
TFAP2A,ZBTB38,1
TFAP2A,PLSCR4,1
TFAP2A,DNMT3B,1
TFAP2A,RBFOX2,1
TFAP2A,CPE,1
TFAP2A,MME,1
TFAP2A,ZNF398,1
TFAP2A,KLF7,1
TFAP2A,HOMER1,1
TFAP2A,ABLIM1,1
TFAP2A,CUL1,1
TFAP2A,STT3B,1
TFAP2A,RTKN2,1
TFAP2A,RPP40,1
TFAP2A,ETV1,1
TFAP2A,PLAGL2,1
TFAP2A,SPPL2A,1
TFAP2A,MALT1,1
TFAP2A,CTBP1,1
TFAP2A,EPB41L3,1
TFAP2A,PSIP1,1
TFAP2A,REV3L,1
TFAP2A,BMPR1A,1
TFAP2A,CASD1,1
TFAP2A,NR3C1,1
TFAP2A,ARHGAP29,1
TFAP2A,SMAD6,1
TFAP2A,BLM,1
TFAP2A,UNC5D,1
TFAP2A,MEIS2,1
TFAP2A,S1PR3,1
TFAP2A,LGR4,1
TFAP2A,FXR1,1
TFAP2A,AIP,1
TFAP2A,IL6ST,1
TFAP2A,MANEA,1
TFAP2A,FAM89A,1
TFAP2A,RRAS2,1
TFAP2A,RAI14,1
TFAP2A,MCCC1,1
TFAP2A,PRICKLE1,1
TFAP2A,ANXA3,1
TFAP2A,GABRB2,1
TFAP2A,CBX3,1
TFAP2A,WDFY1,1
TFAP2A,PDE3B,1
TFAP2A,LTBP1,1
TFAP2A,CXXC1,1
TFAP2A,ZNF589,1
TFAP2A,ECI2,1
TFAP2A,MECOM,1
TFAP2A,FBN1,1
TFAP2A,BCAR3,1
TFAP2A,FAM135A,1
TFAP2A,PDLIM3,1
TFAP2A,ANKZF1,1
TFAP2A,JMJD1C,1
TFAP2A,RAD51,1
TFAP2A,RNF19A,1
TFAP2A,KDM6A,1
TFAP2A,TLE3,1
TFAP2A,POLR1B,1
TFAP2A,E2F7,1
TFAP2A,SEMA6D,1
TFAP2A,FN1,1
TFAP2A,TEX10,1
TFAP2A,MXI1,1
TFAP2A,CPVL,1
TFAP2A,PHLDA1,1
TFAP2A,CLGN,1
TFAP2A,DLGAP5,1
TFAP2A,SERHL2,1
TFAP2A,ITGA6,1
TFAP2A,NFKBIA,1
TFAP2A,POLR2H,1
TFAP2A,ZBTB2,1
TFAP2A,CUX1,1
TFAP2A,DNAJB14,1
TFAP2A,PRDM14,1
TFAP2A,NFAT5,1
TFAP2A,ITGA5,1
TFAP2A,RUVBL1,1
TFAP2A,FBXO5,1
TFAP2A,TCF4,1
TFAP2A,POU5F1,1
TFAP2A,HCFC1,1
TFAP2A,E2F4,1
TFAP2A,SSB,1
TFAP2A,FARSB,1
TFAP2A,DAXX,1
TFAP2A,SIRT1,1
TFAP2A,ARFGAP3,1
TFAP2A,SMAD2,1
TFAP2A,MAFF,1
TFAP2A,GDAP1,1
TFAP2A,XRCC5,1
TFAP2A,APBB1,1
TFAP2A,SYNC,1
TFAP2A,DSCC1,1
TFAP2A,ASH2L,1
TFAP2A,UBTF,1
TFAP2A,PTMA,1
TFAP2A,NFATC1,1
TFAP2A,NEDD4,1
TFAP2A,FLRT2,1
TFAP2A,SRC,1
TFAP2A,ZNF521,1
TFAP2A,LRIG3,1
TFAP2A,SLC35A3,1
TFAP2A,JUND,1
TFAP2A,NUSAP1,1
TFAP2A,CCNB2,1
TFAP2A,TFAP4,1
TFAP2A,ZFPM2,1
TFAP2A,STC1,1
TFAP2A,PALLD,1
TFAP2A,RBBP8,1
TFAP2A,POLR2I,1
TFAP2A,GLMN,1
TFAP2A,VIM,1
TFAP2A,TMEM64,1
TFAP2A,E2F3,1
TFAP2A,DCLK1,1
TFAP2A,SFPQ,1
TFAP2A,PNPLA8,1
TFAP2A,WDR35,1
TFAP2A,NRP2,1
TFAP2A,SOS2,1
TFAP2A,AEBP1,1
TFAP2A,POU3F1,1
TFAP2A,TRAF6,1
TFAP2A,POU2F1,1
TFAP2A,CDC20,1
TFAP2A,MYBL2,1
TFAP2A,DPYSL3,1
TFAP2A,SKA3,1
TFAP2A,CNKSR3,1
TFAP2A,TJP2,1
TFAP2A,LPGAT1,1
TFAP2A,NFE2L3,1
TFAP2A,RBM14,1
TFAP2A,CCPG1,1
TFAP2A,ELK3,1
TFAP2A,SLC6A15,1
TFAP2A,ATP11B,1
TFAP2A,ETS1,1
TFAP2A,LEF1,1
TFAP2A,TRIP6,1
TFAP2A,COLEC12,1
TFAP2A,MCM4,1
TFAP2A,POLR2K,1
TFAP2A,SEMA3A,1
TFAP2A,WDR12,1
TFAP2A,TRIP13,1
TFAP2A,TLE2,1
TFAP2A,TWIST1,1
TFAP2A,TFDP1,1
TFAP2A,GNG11,1
TFAP2A,EEF1A1,1
TFAP2A,AK4,1
TFAP2A,PURA,1
TFAP2A,ARHGAP42,1
TFAP2A,MEX3C,1
TFAP2A,NFIC,1
TFAP2A,BMP4,1
TFAP2A,SMG6,1
TFAP2A,SFRP2,1
TFAP2A,PAM,1
TFAP2A,RSPO3,1
TFAP2A,INSIG2,1
TFAP2A,KLHL28,1
TFAP2A,BHLHE40,1
TFAP2A,AES,1
TFAP2A,POLR2A,1
TFAP2A,ZNF764,1
TFAP2A,ZNF160,1
TFAP2A,RRN3,1
TFAP2A,NR0B1,1
TFAP2A,RPE,1
TFAP2A,RAVER2,1
TFAP2A,RBPJ,1
TFAP2A,ZNF142,1
TFAP2A,LGALSL,1
TFAP2A,EZH2,1
TFAP2A,ETV4,1
TFAP2A,MYCN,1
TFAP2A,COL4A1,1
TFAP2A,SMARCC1,1
TFAP2A,PRSS35,1
TFAP2A,MCM7,1
TFAP2A,ZNF83,1
TFAP2A,CSRP2,1
TFAP2A,CYP1B1,1
TFAP2A,GATM,1
TFAP2A,UPF1,1
TFAP2A,ESCO2,1
TFAP2A,CCDC138,1
TFAP2A,RAI1,1
TFAP2A,APEX1,1
TFAP2A,BRWD1,1
TFAP2A,USP44,1
TFAP2A,TTC39B,1
TFAP2A,MAN1A1,1
TFAP2A,ZFYVE16,1
TFAP2A,MPHOSPH9,1
TFAP2A,TRIM28,1
TFAP2A,SENP7,1
TFAP2A,PTPRZ1,1
TFAP2A,TBX3,1
TFAP2A,STAT3,1
TFAP2A,CCNA2,1
TFAP2A,ETV3,1
TFAP2A,SULF2,1
TFAP2A,SLC39A8,1
TFAP2A,ASXL1,1
TFAP2A,PLAGL1,1
TFAP2A,STIM2,1
TFAP2A,RNF13,1
TFAP2A,CD200,1
TFAP2A,SOX5,1
TFAP2A,DPF2,1
TFAP2A,WWTR1,1
TFAP2A,ARNT2,1
TFAP2A,CEP55,1
TFAP2A,KIF15,1
TFAP2A,ALYREF,1
TFAP2A,SNAI2,1
TFAP2A,PPARGC1B,1
TFAP2A,RFESD,1
TFAP2A,PAWR,1
TFAP2A,STK17B,1
TFAP2A,VPS54,1
TFAP2A,NUP54,1
TFAP2A,HTRA1,1
TFAP2A,BNIP3,1
TFAP2A,ZNF30,1
TFAP2A,POU2F2,1
TFAP2A,STK38L,1
TFAP2A,LZTS1,1
TFAP2A,SCD5,1
TFAP2A,TTK,1
TFAP2A,PRPS2,1
TFAP2A,FBXO28,1
TFAP2A,DAAM1,1
TFAP2A,NCAM1,1
TFAP2A,CCNE2,1
TFAP2A,YBX1,1
TFAP2A,HDGF,1
TFAP2A,NAA15,1
TFAP2A,SOX3,1
TFAP2A,GINS2,1
TFAP2A,DEK,1
TFAP2A,SMAD5,1
TFAP2A,ZEB1,1
TFAP2A,CAMK2D,1
TFAP2A,SLCO2A1,1
TFAP2A,NONO,1
TFAP2A,WLS,1
TFAP2A,PATZ1,1
TFAP2A,TFAP2A,1
TFAP2A,GATA4,1
TFAP2A,PHB2,1
TFAP2A,MLLT3,1
TFAP2A,NFYB,1
TFAP2A,WDR3,1
TFAP2A,MRPL1,1
TFAP2A,MRPS30,1
TFAP2A,MYBBP1A,1
TFAP2A,STAT2,1
TFAP2A,RIN2,1
TFAP2A,ATP2B4,1
TFAP2A,QPCT,1
TFAP2A,ZNF219,1
TFAP2A,FLI1,1
TFAP2A,WWP1,1
TFAP2A,ASS1,1
TFAP2A,YPEL5,1
TFAP2A,SF1,1
TFAP2A,HNRNPAB,1
TFAP2A,RGS5,1
TFAP2A,MED14,1
TFAP2A,HIF1A,1
TFAP2A,ASB9,1
TFAP2A,CAP2,1
TFAP2A,B4GALT4,1
TFAP2A,U2AF1,1
TFAP2A,HIF3A,1
TFAP2A,SEMA6A,1
TFAP2A,PLK1,1
TFAP2A,AMN1,1
TFAP2A,ANKRD26,1
TFAP2A,JPH1,1
TFAP2A,RFC3,1
TFAP2A,SNRPD1,1
TFAP2A,FOXN3,1
TFAP2A,PIK3R5,1
TFAP2A,PGM2,1
TFAP2A,LIMCH1,1
TFAP2A,TMSB15B,1
TFAP2A,GCA,1
TFAP2A,SMARCD1,1
TFAP2A,LMX1B,1
TFAP2A,EXO1,1
TFAP2A,DNA2,1
TFAP2A,MAGI3,1
TFAP2A,ACOX3,1
TFAP2A,ETV7,1
TFAP2A,ANKRD13C,1
TFAP2A,TRIM33,1
TFAP2A,NCOA6,1
TFAP2A,SNRPB,1
TFAP2A,PITX2,1
TFAP2A,HDAC9,1
TFAP2A,BMP2,1
TFAP2A,ID1,1
TFAP2A,CLDN10,1
TFAP2A,KIAA1324L,1
TFAP2A,ZNF471,1
TFAP2A,SRSF3,1
TFAP2A,SNX18,1
TFAP2A,NKX3-1,1
TFAP2A,ELOVL2,1
TFAP2A,NRIP1,1
TFAP2A,LRR1,1
TFAP2A,WDR5,1
TFAP2A,EHMT2,1
TFAP2A,ESRRG,1
TFAP2A,TBX20,1
TFAP2A,KAT7,1
TFAP2A,ESRP1,1
TFAP2A,SFMBT1,1
TFAP2A,ARID4B,1
TFAP2A,EWSR1,1
TFAP2A,STK3,1
TFAP2A,PPM1H,1
TFAP2A,ZNF516,1
TFAP2A,PIP4K2A,1
TFAP2A,NFATC3,1
TFAP2A,APOBEC3C,1
TFAP2A,TP53,1
TFAP2A,BMPER,1
TFAP2A,AMIGO2,1
TFAP2A,POLR3G,1
TFAP2A,NR2C1,1
TFAP2A,PLK2,1
TFAP2A,RBBP4,1
TFAP2A,PHF21A,1
TFAP2A,ILF3,1
TFAP2A,ISL1,1
TFAP2A,UPF2,1
TFAP2A,SOX17,1
TFAP2A,PRIM1,1
TFAP2A,RUNX1,1
TFAP2A,ELMO1,1
TFAP2A,ELAVL2,1
TFAP2A,TFB2M,1
TFAP2A,CREB3L2,1
TFAP2A,CDCA8,1
TFAP2A,SRSF10,1
TFAP2A,DECR1,1
TFAP2A,CSDE1,1
TFAP2A,SLITRK2,1
TFAP2A,CRHBP,1
TFAP2A,MAP4K3,1
TFAP2A,EPCAM,1
TFAP2A,GATA6,1
TFAP2A,TNFRSF11B,1
TFAP2A,CNTRL,1
TFAP2A,SATB1,1
TFAP2A,FOXK1,1
TFAP2A,BTF3,1
TFAP2A,C4orf46,1
TFAP2A,SH3BGRL,1
TFAP2A,ZNF146,1
TFAP2A,TGFB1I1,1
TFAP2A,KDR,1
TFAP2A,SAMD3,1
TFAP2A,DTL,1
TFAP2A,FST,1
TFAP2A,SRSF2,1
TFAP2A,SAP18,1
TFAP2A,AGL,1
TFAP2A,PTGR1,1
TFAP2A,MAML3,1
TFAP2A,RIOK1,1
TFAP2A,GRHL1,1
TFAP2A,ZNF512,1
TFAP2A,MMP16,1
TFAP2A,FEZ1,1
TFAP2A,PREPL,1
TFAP2A,SORL1,1
TFAP2A,NDUFC2-KCTD14,1
TFAP2A,AGPAT5,1
TFAP2A,FOXJ2,1
TFAP2A,SOX13,1
TFAP2A,SMARCD3,1
TFAP2A,GPC3,1
TFAP2A,AR,1
TFAP2A,SLC46A3,1
TFAP2A,NLGN4X,1
TFAP2A,LMO2,1
TFAP2A,MDM4,1
TFAP2A,TLE1,1
TFAP2A,NUDT11,1
TFAP2A,SP110,1
TFAP2A,KLHL4,1
TFAP2A,PCDH7,1
TFAP2A,EMB,1
TFAP2A,PRMT6,1
TFAP2A,SEMA3E,1
TFAP2A,DKK1,1
TFAP2A,SALL2,1
TFAP2A,THAP9,1
TFAP2A,NEDD9,1
TFAP2A,TTC27,1
TFAP2A,EGR1,1
TFAP2A,PMAIP1,1
TFAP2A,LIPG,1
TFAP2A,MITF,1
TFAP2A,COMMD10,1
TFAP2A,SEMA5A,1
TFAP2A,TCOF1,1
TFAP2A,NFIB,1
TFAP2A,CD9,1
TFAP2A,UHRF1,1
TFAP2A,PFKFB2,1
TFAP2A,PELI2,1
TFAP2A,ZNF202,1
TFAP2A,ZRANB2,1
TFAP2A,FBXO34,1
TFAP2A,ZNF518B,1
TFAP2A,ST3GAL6,1
TFAP2A,KRCC1,1
TFAP2A,RAD51AP1,1
TFAP2A,RXRG,1
TFAP2A,HSD17B11,1
TFAP2A,DYNC1I1,1
TFAP2A,KLF5,1
TFAP2A,EOMES,1
TFAP2A,ARL4D,1
TFAP2A,ID3,1
TFAP2A,GLDC,1
TFAP2A,DNAJC2,1
TFAP2A,OXTR,1
TFAP2A,SLC35F1,1
TFAP2A,ILF2,1
TFAP2A,FREM1,1
TFAP2A,TRPS1,1
TFAP2A,TMF1,1
TFAP2A,PMP22,1
TFAP2A,PROM1,1
TFAP2A,XRCC6,1
TFAP2A,GLRX,1
TFAP2A,RFPL2,1
TFAP2A,NUP35,1
TFAP2A,LHX1,1
TFAP2A,CENPK,1
TFAP2A,ELL2,1
TFAP2A,CALCOCO1,1
TFAP2A,TFE3,1
TFAP2A,KLF8,1
TFAP2A,HOPX,1
TFAP2A,TCF19,1
TFAP2A,ATF6,1
TFAP2A,WNT5A,1
TFAP2A,CTSK,1
TFAP2A,CNBP,1
TFAP2A,ZNF165,1
TFAP2A,RFXANK,1
TFAP2A,FOXD3,1
TFAP2A,ABCA1,1
TFAP2A,ERCC6L,1
TFAP2A,GATA3,1
TFAP2A,CBR1,1
TFAP2A,ZKSCAN1,1
TFAP2A,PCDH10,1
TFAP2A,ALCAM,1
TFAP2A,ZEB2,1
TFAP2A,LMO3,1
TFAP2A,GABRB3,1
TFAP2A,HAPLN1,1
TFAP2A,HIST1H1B,1
TFAP2A,LRRCC1,1
TFAP2A,GSC,1
TFAP2A,ANGPT2,1
TFAP2A,PLXNA2,1
TFAP2A,CEBPZ,1
TFAP2A,NIPSNAP3A,1
TFAP2A,IGDCC4,1
TFAP2A,MLLT6,1
TFAP2A,SOX7,1
TFAP2A,TRIP11,1
TFAP2A,ITM2A,1
TFAP2A,SOX2,1
TFAP2A,CHL1,1
TFAP2A,MBIP,1
TFAP2A,BTG2,1
TFAP2A,UNC5C,1
TFAP2A,MAPK10,1
TFAP2A,LUM,1
TFAP2A,SFRP1,1
TFAP2A,SIX6,1
TFAP2A,CYP26A1,1
TFAP2A,MCM5,1
TFAP2A,GPC6,1
TFAP2A,CALB1,1
TFAP2A,COL4A6,1
TFAP2A,ZNF587,1
TFAP2A,B3GNT5,1
TFAP2A,BCL11A,1
TFAP2A,PBXIP1,1
TFAP2A,ST8SIA4,1
TFAP2A,BCL11B,1
TFAP2A,NXT2,1
TP53,REV3L,1
TP53,PRDM1,1
TP53,TRIM22,1
TP53,TP53INP1,1
TP53,E2F7,1
TP53,BTG2,1
TP53,PMAIP1,1
TP53,UTP15,1
TP53,FLRT2,1
TP53,WDHD1,1
TP53,ABLIM1,1
TP53,TMEM131,1
TP53,GTF2H2,1
TP53,KLHL12,1
TP53,SLA2,1
TP53,TMF1,1
TP53,ETV7,1
TP53,SUPT7L,1
TP53,RAD51AP1,1
TP53,TRAF6,1
TP53,ZNF764,1
TP53,POU3F1,1
TP53,TIPIN,1
TP53,THAP9,1
TP53,DEPDC1B,1
TRIM28,ZNF280B,1
TRIM28,JMJD1C,1
TRIM28,GTF2H2,1
TRIM28,C3orf14,1
TRIM28,STC1,1
TRIM28,ACOX3,1
TRIM28,TDP2,1
TRIM28,SLC35A3,1
TRIM28,BCAR3,1
TRIM28,ASNS,1
TRIM28,RBBP4,1
TRIM28,PHF21A,1
TRIM28,NFAT5,1
TRIM28,MEX3C,1
TRIM28,ABLIM1,1
TRIM28,HNRNPD,1
TRIM28,POLR3G,1
TRIM28,AMN1,1
TRIM28,ELOVL2,1
TRIM28,TADA1,1
TRIM28,KAT6A,1
TRIM28,CBR1,1
TRIM28,PAM,1
TRIM28,PRDM1,1
TRIM28,ELMO1,1
TRIM28,WDHD1,1
TRIM28,ZFPM2,1
TRIM28,PRICKLE1,1
TRIM28,TCF4,1
TRIM28,CALB1,1
TRIM28,SLC39A8,1
TRIM28,TRIM25,1
TRIM28,GCA,1
TRIM28,DACH1,1
TRIM28,KIAA1324L,1
TRIM28,ST8SIA1,1
TRIM28,DDHD2,1
TRIM28,ZNF160,1
TRIM28,SATB1,1
TRIM28,TMEM131,1
TRIM28,POLR2D,1
TRIM28,AFF1,1
TRIM28,NAP1L3,1
TRIM28,PURA,1
TRIM28,TEX10,1
TRIM28,GLRX,1
TRIM28,MCC,1
TRIM28,PLOD2,1
TRIM28,ODC1,1
TRIM28,ADAMTS3,1
TRIM28,COBLL1,1
TRIM28,SRSF10,1
TRIM28,CSRP2,1
TRIM28,SSB,1
TRIM28,MLLT3,1
TRIM28,SPP1,1
TRIM28,OXTR,1
TRIM28,MAP4K3,1
TRIM28,PER3,1
TRIM28,STIM2,1
TRIM28,PMP22,1
TRIM28,PAWR,1
TRIM28,RBPJ,1
TRIM28,TTC39B,1
TRIM28,ZNF521,1
TRIM28,PRSS35,1
TRIM28,SH3BGRL2,1
TRIM28,MXD4,1
TRIM28,RTKN2,1
TRIM28,WDR35,1
TRIM28,SEMA6D,1
TRIM28,SULF2,1
TRIM28,TGFB1I1,1
TRIM28,TEAD4,1
TRIM28,CCND1,1
TRIM28,LRAT,1
TRIM28,CCKBR,1
TRIM28,BMP4,1
ZFP42,ACOX3,1
ZFP42,TRUB1,1
ZFP42,CENPK,1
ZFP42,CCNA2,1
ZFP42,RNPS1,1
ZFP42,POLR2K,1
ZFP42,WDFY1,1
ZFP42,U2AF1,1
ZFP42,NDC80,1
ZFP42,MIA3,1
ZFP42,UTP15,1
ZFP42,KIF15,1
ZFP42,MBIP,1
ZFP42,OTUD6B,1
ZFP42,KLHL12,1
ZFP42,WDHD1,1
ZFP42,XRN1,1
ZFP42,EXO1,1
ZFP42,DYNC2LI1,1
ZFP42,PPT2,1
ZFP42,PHLDB2,1
ZFP42,PHC1,1
ZFP42,TLE1,1
ZFP42,DEPDC1B,1
ZFP42,NUP54,1
ZFP42,RNF138,1
ZFP42,FOXJ2,1
ZFP42,TTK,1
ZFP42,ZNF160,1
ZFP42,POLB,1
ZFP42,NFAT5,1
ZFP42,ZNF165,1
ZFP42,PALLD,1
ZFP42,JUND,1
TEAD4,HOMER1,1
TEAD4,EPCAM,1
TEAD4,TRIM33,1
TEAD4,POLR2A,1
EGR1,SFRP2,1
EGR1,POLR2A,1
EGR1,FUS,1
NANOG,NFE2L3,1
NANOG,TCF7L1,1
NANOG,PSMD9,1
NANOG,KLF6,1
JUND,AGL,1
JUND,GTF3C4,1
JUND,SMAD6,1
JUND,TCEA1,1
JUND,CDCA8,1
JUND,PPP1R9A,1
JUND,CEBPZ,1
JUND,POLR3E,1
JUND,SRSF6,1
JUND,EGR1,1
JUND,SFRP2,1
JUND,BMP4,1
JUND,POLR2D,1
JUND,PTGR1,1
JUND,POLR1C,1
JUND,ANKRD26,1
JUND,ASH2L,1
JUND,TRIP13,1
JUND,TTC27,1
JUND,THAP9,1
JUND,PFKFB2,1
JUND,CCDC81,1
JUND,ISCA1,1
JUND,MBOAT1,1
JUND,NEDD4,1
JUND,AIP,1
JUND,RIOK1,1
JUND,SKA3,1
JUND,DSCC1,1
JUND,EZH2,1
JUND,RPE,1
JUND,TCF7L1,1
JUND,XRCC6,1
JUND,NT5DC3,1
JUND,TTC39B,1
JUND,EPHA4,1
JUND,GRHL2,1
JUND,WLS,1
JUND,SRSF10,1
JUND,HSD17B11,1
JUND,INSIG2,1
JUND,PRDM1,1
JUND,EGF,1
JUND,ALG6,1
JUND,CCNE2,1
JUND,IRF1,1
JUND,LRAT,1
JUND,PDCD4,1
JUND,TNFRSF11B,1
JUND,MAN1A1,1
JUND,CRX,1
JUND,RHOBTB3,1
JUND,ATP2B4,1
JUND,TADA1,1
MXI1,PHLDA1,1
MXI1,COL4A1,1
MXI1,CDCA2,1
MXI1,HDGF,1
MXI1,DPYSL3,1
MXI1,TEX10,1
MXI1,MYBL2,1
MXI1,TIPARP,1
MXI1,SRC,1
MXI1,CEP55,1
MXI1,POLR2D,1
MXI1,ITPR2,1
MXI1,POLR2H,1
MXI1,TRAF6,1
MXI1,CAMK2D,1
MXI1,ANKRD26,1
MXI1,WDFY1,1
MXI1,KLF7,1
MXI1,CPVL,1
MXI1,NFATC3,1
MXI1,EXO1,1
MXI1,MYOCD,1
MXI1,SEMA6D,1
MXI1,SEMA6A,1
MXI1,DDHD2,1
MXI1,EOMES,1
MXI1,AFF4,1
MXI1,TFAP2A,1
MXI1,RBMX,1
MXI1,ANXA3,1
MXI1,BAMBI,1
MXI1,PHF21A,1
MXI1,STK38L,1
MXI1,TMSB15B,1
MXI1,BRWD1,1
MXI1,DYNC1I1,1
MXI1,NRP2,1
MXI1,E2F4,1
MXI1,CER1,1
MXI1,ZNF764,1
MXI1,MCM5,1
MXI1,ZNF239,1
MXI1,ARHGAP42,1
MXI1,PARP1,1
MXI1,GPSM2,1
MXI1,DNA2,1
MXI1,MLLT3,1
MXI1,TRIP13,1
MXI1,SEMA3A,1
MXI1,VHL,1
MXI1,WLS,1
MXI1,INSIG2,1
MXI1,KLHL24,1
MXI1,TLE3,1
MXI1,RRN3,1
MXI1,ZNF398,1
MXI1,TSPAN12,1
MXI1,KIAA1324L,1
MXI1,CNKSR3,1
MXI1,NDC80,1
MXI1,RAD51,1
MXI1,SOX4,1
MXI1,CEBPZ,1
MXI1,EGR1,1
MXI1,MDM4,1
MXI1,MAN1A1,1
MXI1,MAML3,1
MXI1,NONO,1
MXI1,STAT2,1
MXI1,SNX18,1
MXI1,TEAD4,1
MXI1,RHOBTB3,1
MXI1,ZKSCAN1,1
MXI1,XRN1,1
MXI1,ETV3,1
MXI1,GPC6,1
BCL11A,PAM,1
BCL11A,KLF6,1
BCL11A,TJP2,1
BCL11A,NUP54,1
BCL11A,TCF7L1,1
BCL11A,USP44,1
BCL11A,LIN28A,1
BCL11A,SNX16,1
BCL11A,HIST1H1B,1
BCL11A,SFRP2,1
BCL11A,PSMD9,1
BCL11A,CER1,1
BCL11A,KAT6A,1
